Time,Position,Sound 1,Sound 2,Temperature,Humidity,Light,Position Back,N Mov Back,N Back pos,N Back total,Position Front R,N Mov Front R,N Front pos R,N Front total R,Position Front L,N Mov Front L,N Front pos L,N Front total L
10:21:34,LEFT,8,10,26.37930211,43.39009074,560.8963426,HIGH,0,1,1,UP,1,1,1,DOWN,1,1,1
10:22:04,LEFT,9,7,28.72676771,42.99047438,560.7185724,HIGH,0,1,1,UP,1,1,1,DOWN,1,1,1
10:22:34,LEFT,10,8,27.31039551,43.68864853,563.1309457,HIGH,0,0,1,UP,1,1,1,DOWN,1,1,1
10:23:04,LEFT,7,10,26.85027763,44.10315888,558.3522027,HIGH,0,1,1,UP,1,1,1,DOWN,1,1,1
10:23:34,LEFT,8,7,27.48322849,43.81738144,561.8813384,HIGH,0,0,1,UP,1,1,1,DOWN,1,1,1
10:24:04,LEFT,8,9,27.90290016,44.82402124,559.9662236,HIGH,0,0,1,UP,1,1,1,DOWN,1,1,1
10:24:34,LEFT,7,10,28.007432,44.31622346,562.7304419,HIGH,0,0,1,UP,1,1,1,DOWN,1,1,1
10:25:04,LEFT,10,9,26.81902072,44.17036106,561.8369226,HIGH,1,0,0,UP,1,1,1,DOWN,1,1,1
10:25:34,LEFT,10,8,28.80591133,44.82960249,564.0705159,HIGH,1,0,0,UP,1,1,1,DOWN,1,1,1
10:26:04,LEFT,10,10,27.09947464,42.91217961,561.4318176,HIGH,1,1,0,UP,1,1,1,DOWN,1,1,1
10:26:34,LEFT,7,9,28.22217401,43.96500369,564.0562232,HIGH,1,0,0,UP,1,1,1,DOWN,1,1,1
10:27:04,LEFT,9,7,27.90092359,42.88812695,560.3089167,HIGH,1,0,0,UP,1,1,1,DOWN,1,1,1
10:27:34,LEFT,10,10,27.2123593,43.87272376,558.5528461,HIGH,1,0,0,UP,1,1,1,DOWN,1,1,1
10:28:04,LEFT,10,9,27.19298118,43.20515179,558.9745185,HIGH,1,0,0,UP,1,1,1,DOWN,1,1,1
10:28:34,LEFT,8,10,27.74264304,43.66324414,560.1215311,HIGH,1,0,0,UP,1,1,1,DOWN,1,1,1
10:29:04,LEFT,9,10,26.8490732,43.17074225,565.3178251,HIGH,1,1,0,UP,1,1,1,DOWN,1,1,1
10:29:34,LEFT,7,7,26.80987879,44.86454153,561.6031212,HIGH,1,1,0,UP,1,1,1,DOWN,1,1,1
10:30:04,LEFT,8,9,28.50940219,44.19561934,558.0481562,HIGH,1,1,0,UP,1,1,1,DOWN,1,1,1
10:30:34,LEFT,10,8,27.54550889,44.78822105,563.9610312,HIGH,1,1,0,UP,1,1,1,DOWN,1,1,1
10:31:04,LEFT,10,7,27.55417966,43.91262771,562.4631734,HIGH,1,1,0,UP,1,1,1,DOWN,1,1,1
10:31:34,LEFT,7,10,28.66751543,42.78648317,561.3168775,HIGH,1,0,0,UP,1,1,1,UP,2,1,1
10:32:04,LEFT,9,8,27.14311966,44.54168305,564.0279851,HIGH,1,1,0,UP,1,1,1,UP,2,1,1
10:32:34,LEFT,8,7,26.3610868,45.60727535,558.2357864,HIGH,1,1,0,UP,1,1,1,UP,2,1,1
10:33:04,LEFT,10,8,28.00437742,44.82994684,560.8850714,HIGH,1,1,0,UP,1,1,1,UP,2,1,1
10:33:34,LEFT,7,10,27.32114379,45.03211135,562.5850563,HIGH,1,1,0,UP,1,1,1,UP,2,1,1
10:34:04,LEFT,7,9,26.32631582,44.48791234,562.9735849,HIGH,1,0,0,UP,1,1,1,UP,2,1,1
10:34:34,LEFT,9,9,26.99199529,45.15534112,565.6272738,HIGH,1,0,0,UP,1,1,1,UP,2,1,1
10:35:04,LEFT,8,8,27.68737337,44.46160536,562.0644073,HIGH,1,1,0,UP,1,1,1,UP,2,1,1
10:35:34,LEFT,8,10,26.30818157,44.18892162,559.1865127,HIGH,1,0,0,UP,1,1,1,UP,2,1,1
10:36:04,LEFT,7,7,28.1838596,43.06650292,562.2291997,HIGH,1,1,0,UP,1,1,1,UP,2,1,1
10:36:34,LEFT,8,9,28.4139509,42.9044085,558.04636,HIGH,1,0,0,UP,1,1,1,UP,2,1,1
10:37:04,LEFT,7,7,26.83862536,44.85453725,560.3107857,HIGH,1,1,0,UP,1,1,1,UP,2,1,1
10:37:34,LEFT,10,8,27.5024411,45.31950874,563.6523307,HIGH,1,1,0,UP,1,1,1,UP,2,1,1
10:38:04,LEFT,8,9,28.10473313,43.82752448,562.8622469,HIGH,1,1,0,UP,1,1,1,UP,2,1,1
10:38:34,LEFT,7,7,26.99183623,43.50722302,563.4539862,HIGH,1,0,0,UP,1,1,1,UP,2,1,1
10:39:04,LEFT,10,8,27.51649985,43.16490394,562.8582382,HIGH,1,1,0,UP,1,1,1,UP,2,1,1
10:39:34,LEFT,8,8,28.07765615,44.49008225,561.8231632,HIGH,1,1,0,UP,1,1,1,UP,2,1,1
10:40:04,LEFT,10,7,26.95303046,45.03021002,558.3713457,HIGH,1,0,0,UP,1,1,1,UP,2,1,1
10:40:34,LEFT,19,7,26.73503072,45.90516204,562.2006189,HIGH,1,0,0,UP,1,1,1,UP,2,1,1
10:41:04,LEFT,16,7,28.07117573,45.1481478,565.0801248,HIGH,1,1,0,UP,1,1,1,UP,2,1,1
10:41:34,LEFT,16,10,28.19817953,45.36835277,559.1271443,HIGH,1,1,0,UP,1,1,1,UP,2,1,1
10:42:04,LEFT,15,10,28.11637657,45.40710864,563.7212612,HIGH,1,0,0,UP,1,1,1,UP,2,1,1
10:42:34,LEFT,15,8,27.8984343,42.73568286,560.9066606,HIGH,1,1,0,UP,1,1,1,UP,2,1,1
10:43:04,LEFT,19,7,28.11270092,43.00728852,557.5890796,HIGH,1,0,0,UP,1,1,1,UP,2,1,1
10:43:34,LEFT,18,9,27.56571686,45.65316395,558.6316538,HIGH,2,1,0,UP,1,1,1,UP,2,1,1
10:44:04,LEFT,18,10,27.14311006,45.17880062,558.8745077,HIGH,2,0,0,UP,1,1,1,UP,2,1,1
10:44:34,LEFT,19,10,28.0234335,43.61680362,564.3133027,HIGH,2,1,0,UP,1,1,1,UP,2,1,1
10:45:04,LEFT,16,9,27.89906622,45.04398486,563.811149,HIGH,2,0,0,UP,1,1,1,UP,2,1,1
10:45:34,LEFT,17,9,28.12789592,44.47650355,559.6228598,HIGH,2,1,0,UP,1,1,1,UP,2,1,1
10:46:04,LEFT,17,8,28.86012605,45.19712442,558.2248885,HIGH,2,1,0,UP,1,1,1,UP,2,1,1
10:46:34,LEFT,18,9,27.40803832,44.80100537,558.9090162,HIGH,2,0,0,UP,1,1,1,UP,2,1,1
10:47:04,LEFT,14,8,27.63802272,43.58017757,561.0067846,HIGH,2,0,0,UP,1,1,1,UP,2,1,1
10:47:34,LEFT,18,8,27.10181716,43.49444686,561.4028317,HIGH,2,0,0,UP,1,1,1,UP,2,1,1
10:48:04,LEFT,17,9,26.4741446,43.32152121,559.7362017,HIGH,2,0,0,UP,1,1,1,UP,2,1,1
10:48:34,LEFT,18,10,27.63530957,43.95409922,562.8094909,HIGH,2,0,0,UP,1,1,1,UP,2,1,1
10:49:04,LEFT,16,9,27.70460952,42.88195548,563.6547259,HIGH,2,1,0,UP,1,1,1,UP,2,1,1
10:49:34,LEFT,14,10,28.30939676,45.01625587,561.4568043,HIGH,2,1,0,UP,1,1,1,UP,2,1,1
10:50:04,LEFT,16,8,27.86585624,43.69354862,563.1575944,HIGH,2,1,0,UP,1,1,1,UP,2,1,1
10:50:34,LEFT,17,10,27.78751863,43.12341325,562.018582,HIGH,3,0,0,UP,1,1,1,UP,2,1,1
10:51:04,LEFT,17,7,27.36561455,43.20122498,564.8999338,HIGH,3,0,0,UP,1,1,1,UP,2,1,1
10:51:34,LEFT,17,10,27.14909965,43.53112371,562.3174855,HIGH,3,0,0,UP,1,1,1,UP,2,1,1
10:52:04,LEFT,15,10,27.68964927,43.79255821,559.4178807,HIGH,3,0,0,UP,1,1,1,UP,2,1,1
10:52:34,LEFT,17,7,28.52624716,44.85356513,559.9721342,HIGH,3,0,0,UP,1,1,1,UP,2,1,1
10:53:04,LEFT,18,8,27.52622508,45.49978244,560.8184824,HIGH,3,0,0,UP,1,1,1,UP,2,1,1
10:53:34,LEFT,14,9,27.27437173,43.82246536,561.8119743,HIGH,3,0,0,UP,1,1,1,UP,2,1,1
10:54:04,LEFT,18,8,26.98115265,43.10883658,559.885385,HIGH,3,1,0,UP,1,1,1,UP,2,1,1
10:54:34,LEFT,17,10,27.45376537,43.47376379,564.1227959,HIGH,3,1,0,UP,1,1,1,UP,2,1,1
10:55:04,LEFT,16,8,27.46857474,44.52152231,562.6149909,HIGH,3,1,0,UP,1,1,1,UP,2,1,1
10:55:34,LEFT,20,10,28.41886232,42.97718554,557.782923,HIGH,3,1,0,UP,1,1,1,UP,2,1,1
10:56:04,LEFT,19,8,27.80575906,43.98091191,564.7985931,HIGH,3,0,0,UP,1,1,1,UP,2,1,1
10:56:34,LEFT,15,9,28.0776003,43.63032253,560.1525369,HIGH,3,0,0,UP,1,1,1,UP,2,1,1
10:57:04,LEFT,16,7,28.13358547,42.32322332,564.7287756,HIGH,3,0,0,UP,1,1,1,UP,2,1,1
10:57:34,LEFT,16,10,27.06884733,45.53330773,563.8005844,HIGH,3,1,0,UP,1,1,1,UP,2,1,1
10:58:04,LEFT,16,7,27.27578963,44.73759219,563.3764316,HIGH,3,0,0,UP,1,1,1,UP,2,1,1
10:58:34,LEFT,15,9,28.93272101,44.47331662,563.8699899,HIGH,3,1,0,UP,1,1,1,UP,2,1,1
10:59:04,LEFT,17,10,27.38465032,45.56766371,559.6942894,HIGH,3,0,0,UP,1,1,1,UP,2,1,1
10:59:34,LEFT,16,9,28.37711172,44.03796462,563.3296061,HIGH,3,0,0,UP,1,1,1,UP,2,1,1
11:00:04,LEFT,15,8,27.2392529,44.40829249,562.659885,HIGH,4,1,0,UP,1,1,1,UP,2,1,1
11:00:34,LEFT,20,10,28.28243233,45.52312299,560.1015347,HIGH,4,0,0,UP,1,1,1,UP,2,1,1
11:01:04,LEFT,17,10,28.1260373,42.90092786,562.285738,HIGH,4,0,0,UP,1,1,1,UP,2,1,1
11:01:34,LEFT,18,7,28.43880519,44.07982618,557.149465,HIGH,4,1,0,UP,1,1,1,UP,2,1,1
11:02:04,LEFT,18,9,27.46013998,45.45185089,561.0637366,HIGH,4,0,0,UP,1,1,1,UP,2,1,1
11:02:34,LEFT,17,8,26.36811336,44.00518106,559.6340313,HIGH,5,1,0,UP,1,1,1,UP,2,1,1
11:03:04,LEFT,18,8,28.03585249,43.06821373,565.2452249,HIGH,5,1,0,UP,1,1,1,UP,2,1,1
11:03:34,LEFT,19,7,27.61320244,43.49468247,561.2325903,HIGH,5,0,0,UP,1,1,1,UP,2,1,1
11:04:04,LEFT,16,7,27.09575606,45.36399976,562.4644677,HIGH,5,1,0,UP,1,1,1,UP,2,1,1
11:04:34,LEFT,17,7,27.94140101,43.86913108,562.8687853,HIGH,6,1,0,UP,1,1,1,UP,2,1,1
11:05:04,LEFT,16,7,27.44250308,44.83763785,560.5658021,HIGH,7,1,0,UP,1,1,1,UP,2,1,1
11:05:34,LEFT,19,10,27.16059751,44.91772609,558.6936155,HIGH,7,1,0,UP,1,1,1,UP,2,1,1
11:06:04,LEFT,20,10,27.68079452,44.92607794,561.5297683,HIGH,7,0,0,UP,1,1,1,UP,2,1,1
11:06:34,LEFT,17,9,28.18927089,44.67546474,564.0816755,HIGH,7,0,0,UP,1,1,1,UP,2,1,1
11:07:04,LEFT,16,7,27.78432522,45.23502712,561.4293576,HIGH,7,1,0,UP,1,1,1,UP,2,1,1
11:07:34,LEFT,18,7,26.80708648,43.31935196,563.7506177,HIGH,7,0,0,UP,1,1,1,UP,2,1,1
11:08:04,LEFT,20,9,27.61638081,43.84280138,559.1997482,HIGH,7,1,0,UP,1,1,1,UP,2,1,1
11:08:34,LEFT,15,10,28.00633126,45.01469234,560.276125,HIGH,7,0,0,UP,1,1,1,UP,2,1,1
11:09:04,LEFT,14,8,28.49622696,45.22840822,559.5273256,HIGH,7,0,0,UP,1,1,1,UP,2,1,1
11:09:34,LEFT,16,7,28.2118165,43.76686765,564.3410824,HIGH,7,0,0,UP,1,1,1,UP,2,1,1
11:10:04,LEFT,18,8,27.19068395,43.5937905,560.1216073,HIGH,7,0,0,UP,1,1,1,UP,2,1,1
11:10:34,LEFT,17,9,28.02103342,44.18686037,561.2508912,HIGH,7,0,0,UP,1,1,1,UP,2,1,1
11:11:04,LEFT,18,10,27.69885169,43.27961906,560.0268764,HIGH,7,0,0,UP,1,1,1,UP,2,1,1
11:11:34,LEFT,14,10,27.48449716,44.54481676,564.2783927,HIGH,7,1,0,UP,1,1,1,UP,2,1,1
11:12:04,LEFT,18,10,28.04660069,45.39599118,562.9650611,HIGH,7,1,0,UP,1,1,1,UP,2,1,1
11:12:34,LEFT,19,9,28.70430464,44.61683488,563.2024276,HIGH,8,0,0,UP,1,1,1,UP,2,1,1
11:13:04,LEFT,20,9,28.1363176,45.35055564,561.4230466,HIGH,8,0,0,UP,1,1,1,UP,2,1,1
11:13:34,LEFT,16,7,28.22967766,44.03175398,560.8274875,HIGH,8,0,0,UP,1,1,1,UP,2,1,1
11:14:04,LEFT,15,7,27.63397703,42.3544163,561.6250691,HIGH,9,0,0,UP,1,1,1,UP,2,1,1
11:14:34,LEFT,20,7,28.52742993,45.03561805,558.9650335,HIGH,9,1,0,UP,1,1,1,UP,2,1,1
11:15:04,LEFT,18,10,26.84089998,44.7651673,562.8456667,HIGH,9,0,0,UP,1,1,1,UP,2,1,1
11:15:34,LEFT,18,9,28.2575731,43.87877634,559.9753035,HIGH,9,0,0,UP,1,1,1,UP,2,1,1
11:16:04,LEFT,15,10,27.0407253,45.04071771,561.5617699,HIGH,9,0,0,UP,1,1,1,UP,2,1,1
11:16:34,LEFT,16,8,26.76672901,45.69164288,560.1046967,HIGH,9,0,0,UP,1,1,1,UP,2,1,1
11:17:04,LEFT,19,7,28.58272622,44.14292379,557.237141,HIGH,9,0,0,UP,1,1,1,UP,2,1,1
11:17:34,LEFT,18,9,27.62159502,44.91944727,562.3245815,HIGH,9,1,0,UP,1,1,1,UP,2,1,1
11:18:04,LEFT,17,9,26.97351435,44.26005217,559.5662314,HIGH,9,1,0,UP,1,1,1,UP,2,1,1
11:18:34,LEFT,17,7,27.22054197,43.93000247,564.7313702,HIGH,9,0,0,UP,1,1,1,UP,2,1,1
11:19:04,LEFT,15,8,28.41844373,44.71568989,561.7173146,HIGH,9,0,0,DOWN,2,1,1,UP,2,1,1
11:19:34,LEFT,15,10,27.74268751,43.13332836,558.9626399,HIGH,9,0,0,DOWN,2,1,1,UP,2,1,1
11:20:04,LEFT,15,7,28.17156756,44.17625201,557.7357967,HIGH,9,1,0,DOWN,2,1,1,UP,2,1,1
11:20:34,LEFT,18,9,27.23282302,44.48641579,563.1145396,HIGH,9,1,0,DOWN,2,1,1,UP,2,1,1
11:21:04,LEFT,15,7,27.802007,45.57640824,564.595595,HIGH,9,0,0,DOWN,2,1,1,UP,2,1,1
11:21:34,LEFT,17,9,28.2873708,43.70278526,560.6256094,HIGH,9,0,1,DOWN,2,1,1,UP,2,1,1
11:22:04,LEFT,19,8,27.78432687,43.32294016,561.4699741,HIGH,9,1,1,DOWN,2,1,1,UP,2,1,1
11:22:34,LEFT,19,9,26.9497315,45.67160905,560.8518073,HIGH,9,1,1,DOWN,2,1,1,UP,2,1,1
11:23:04,LEFT,17,9,28.24106031,44.14839978,559.4278155,HIGH,9,0,1,DOWN,2,1,1,UP,2,1,1
11:23:34,LEFT,18,10,28.56760684,42.50022906,560.8901391,HIGH,9,1,1,DOWN,2,1,1,UP,2,1,1
11:24:04,LEFT,17,10,27.61047672,45.78244583,558.1493466,HIGH,9,1,1,DOWN,2,1,1,UP,2,1,1
11:24:34,LEFT,18,9,27.15932625,43.93482839,562.2018564,HIGH,9,0,1,DOWN,2,1,1,UP,2,1,1
11:25:04,LEFT,19,7,28.88935909,43.05638136,562.9369179,HIGH,9,0,1,DOWN,2,1,1,UP,2,1,1
11:25:34,LEFT,14,10,28.38591289,43.49145543,560.0770119,HIGH,9,1,1,DOWN,2,1,1,UP,2,1,1
11:26:04,LEFT,10,9,26.87656236,43.27404945,561.2196269,HIGH,9,1,1,DOWN,2,1,1,UP,2,1,1
11:26:34,LEFT,7,10,27.69271181,43.9052301,562.7930473,HIGH,9,1,1,DOWN,2,1,1,UP,2,1,1
11:27:04,LEFT,7,10,28.6653148,43.17937648,562.40234,HIGH,9,0,1,DOWN,2,1,1,UP,2,1,1
11:27:34,LEFT,9,8,27.84273299,43.40433237,561.8101674,HIGH,9,1,1,DOWN,2,1,1,UP,2,1,1
11:28:04,LEFT,9,7,27.67322281,44.02742159,563.077311,HIGH,9,1,1,DOWN,2,1,1,UP,2,1,1
11:28:34,LEFT,8,9,28.24070335,43.71004005,561.81955,HIGH,9,0,1,DOWN,2,1,1,UP,2,1,1
11:29:04,LEFT,8,10,27.51031266,45.08036887,563.7751207,HIGH,9,0,1,DOWN,2,1,1,UP,2,1,1
11:29:34,LEFT,10,10,28.74715141,44.81082685,563.5204232,HIGH,9,0,1,DOWN,2,1,1,UP,2,1,1
11:30:04,LEFT,8,10,28.21091989,43.15274718,559.5751534,HIGH,9,0,1,DOWN,2,1,1,UP,2,1,1
11:30:34,LEFT,7,8,26.29001384,45.67141539,561.4404467,HIGH,9,0,1,DOWN,2,1,1,UP,2,1,1
11:31:04,LEFT,8,8,27.27072824,44.39395653,562.0816689,HIGH,9,0,1,DOWN,2,1,1,UP,2,1,1
11:31:34,LEFT,9,10,27.95643124,42.91510462,562.241836,HIGH,9,0,1,DOWN,2,1,1,UP,2,1,1
11:32:04,LEFT,10,9,27.80846913,45.89913327,561.3320138,HIGH,9,1,1,DOWN,2,1,1,UP,2,1,1
11:32:34,LEFT,9,8,28.27399152,43.48898823,564.3211735,HIGH,9,0,1,DOWN,2,1,1,UP,2,1,1
11:33:04,LEFT,8,10,27.31540677,42.0830435,562.3792705,HIGH,9,1,1,DOWN,2,1,1,UP,2,1,1
11:33:34,LEFT,10,10,26.67589437,44.71806346,560.8493662,HIGH,9,0,1,DOWN,2,1,1,UP,2,1,1
11:34:04,LEFT,9,7,27.65424002,45.51438064,558.9916987,HIGH,9,0,1,DOWN,2,1,1,DOWN,3,1,1
11:34:34,LEFT,7,10,28.65555165,43.48998312,561.4158645,HIGH,9,0,1,DOWN,2,1,1,DOWN,3,1,1
11:35:04,LEFT,10,9,26.91744519,45.71964052,565.1862017,HIGH,9,1,1,DOWN,2,1,1,DOWN,3,1,1
11:35:34,LEFT,8,8,28.12985177,43.7859042,558.8042975,HIGH,9,1,1,DOWN,2,1,1,DOWN,3,1,1
11:36:04,LEFT,9,7,28.83507099,45.09713764,559.3739555,HIGH,9,1,1,DOWN,2,1,1,DOWN,3,1,1
11:36:34,RIGHT,7,7,27.62082701,44.21407906,562.8568839,HIGH,9,1,1,DOWN,2,1,1,DOWN,3,1,1
11:37:04,RIGHT,10,10,27.18121384,45.47493875,561.6827454,HIGH,9,1,1,DOWN,2,1,1,DOWN,3,1,1
11:37:34,RIGHT,10,8,27.80615149,44.595736,562.0907368,HIGH,9,0,1,DOWN,2,1,1,DOWN,3,1,1
11:38:04,RIGHT,10,8,28.47944981,44.02280059,561.5888396,HIGH,9,1,1,DOWN,2,1,1,DOWN,3,1,1
11:38:34,RIGHT,9,8,27.54197302,44.73755545,561.0515953,HIGH,9,0,1,DOWN,2,1,1,DOWN,3,1,1
11:39:04,RIGHT,7,8,28.16214922,45.07016713,559.9712021,HIGH,9,1,1,DOWN,2,1,1,DOWN,3,1,1
11:39:34,RIGHT,9,25,27.87729502,45.43978355,561.5282189,HIGH,9,0,1,DOWN,2,1,1,DOWN,3,1,1
11:40:04,RIGHT,9,26,26.74631265,44.23504538,558.9465433,HIGH,9,1,1,DOWN,2,1,1,DOWN,3,1,1
11:40:34,RIGHT,8,25,27.20875274,44.22963638,563.8173894,HIGH,9,0,1,DOWN,2,1,1,DOWN,3,1,1
11:41:04,RIGHT,10,28,28.93707669,43.77881166,559.2095121,HIGH,9,1,1,DOWN,2,1,1,DOWN,3,1,1
11:41:34,RIGHT,10,26,26.6699858,43.62698576,562.8581932,HIGH,9,1,1,DOWN,2,1,1,DOWN,3,1,1
11:42:04,RIGHT,9,25,28.01848813,44.58942615,559.4620464,HIGH,9,0,1,DOWN,2,1,1,DOWN,3,1,1
11:42:34,RIGHT,10,24,28.27121265,43.88220575,557.9873953,HIGH,9,0,1,DOWN,2,1,1,DOWN,3,1,1
11:43:04,RIGHT,7,25,28.0536974,44.57016483,558.3258258,HIGH,9,1,1,DOWN,2,1,1,DOWN,3,1,1
11:43:34,RIGHT,9,27,26.61409937,45.20012528,560.1322559,HIGH,9,1,1,DOWN,2,1,1,DOWN,3,1,1
11:44:04,RIGHT,8,25,27.821031,43.40985618,560.2373028,HIGH,9,0,1,DOWN,2,1,1,DOWN,3,1,1
11:44:34,RIGHT,8,25,27.38647531,43.25065869,559.4579986,HIGH,9,0,1,DOWN,2,1,1,DOWN,3,1,1
11:45:04,RIGHT,9,26,26.55553236,43.90320344,562.6709318,HIGH,9,1,1,DOWN,2,1,1,DOWN,3,1,1
11:45:34,RIGHT,10,23,28.10049873,44.89308904,561.5082679,HIGH,9,1,1,DOWN,2,1,1,DOWN,3,1,1
11:46:04,RIGHT,7,29,27.45673174,44.35109044,561.5570125,HIGH,9,1,1,DOWN,2,1,1,DOWN,3,1,1
11:46:34,RIGHT,9,26,26.84058937,42.97449481,562.6030642,HIGH,9,1,1,DOWN,2,1,1,DOWN,3,1,1
11:47:04,RIGHT,9,26,28.15494663,44.60930401,559.6986601,HIGH,9,0,1,DOWN,2,1,1,DOWN,3,1,1
11:47:34,RIGHT,10,28,28.42097883,43.4076997,563.1151183,HIGH,9,0,1,DOWN,2,1,1,DOWN,3,1,1
11:48:04,RIGHT,7,26,26.88003131,43.73369259,561.103175,HIGH,9,1,1,DOWN,2,1,1,DOWN,3,1,1
11:48:34,RIGHT,9,26,28.59304302,43.01094658,559.4270946,HIGH,9,0,1,DOWN,2,1,1,DOWN,3,1,1
11:49:04,RIGHT,9,24,27.67364196,43.85938227,557.449525,HIGH,9,0,1,DOWN,2,1,1,DOWN,3,1,1
11:49:34,RIGHT,8,26,27.98842405,44.80977287,560.140867,HIGH,9,1,1,DOWN,2,1,1,DOWN,3,1,1
11:50:04,RIGHT,10,25,27.21224485,44.09232266,559.5899959,HIGH,9,0,1,DOWN,2,1,1,DOWN,3,1,1
11:50:34,RIGHT,9,26,27.86375917,44.0535082,560.4765073,HIGH,9,0,1,DOWN,2,1,1,DOWN,3,1,1
11:51:04,RIGHT,7,28,27.24021586,43.50140135,563.3852258,HIGH,9,0,1,DOWN,2,1,1,DOWN,3,1,1
11:51:34,RIGHT,9,24,26.86314002,45.23569133,562.6333221,HIGH,9,1,1,DOWN,2,1,1,DOWN,3,1,1
11:52:04,RIGHT,8,28,28.19417511,44.62912697,559.7867136,HIGH,9,1,1,DOWN,2,1,1,DOWN,3,1,1
11:52:34,RIGHT,9,26,27.9093837,43.35591,563.9543428,HIGH,9,1,1,DOWN,2,1,1,DOWN,3,1,1
11:53:04,RIGHT,8,25,28.25496418,42.7838426,565.2302584,HIGH,9,1,1,DOWN,2,1,1,DOWN,3,1,1
11:53:34,RIGHT,9,25,27.32840094,42.4666641,562.2174428,HIGH,9,0,1,DOWN,2,1,1,DOWN,3,1,1
11:54:04,RIGHT,8,28,26.82306684,45.45354772,563.1600014,HIGH,9,1,1,DOWN,2,1,1,DOWN,3,1,1
11:54:34,RIGHT,8,25,27.71872764,45.36352298,562.8553687,HIGH,9,1,1,DOWN,2,1,1,DOWN,3,1,1
11:55:04,RIGHT,9,27,27.89264056,44.91245294,563.2349431,HIGH,9,0,1,DOWN,2,1,1,DOWN,3,1,1
11:55:34,RIGHT,7,26,27.82240891,45.48200889,560.326477,HIGH,9,0,1,DOWN,2,1,1,DOWN,3,1,1
11:56:04,RIGHT,7,29,27.43225974,44.94302115,561.773417,HIGH,9,0,1,DOWN,2,1,1,DOWN,3,1,1
11:56:34,RIGHT,7,22,27.12466389,44.72397353,560.5123098,HIGH,9,1,1,DOWN,2,1,1,DOWN,3,1,1
11:57:04,RIGHT,10,24,28.16061104,43.06061296,563.7562622,HIGH,9,0,1,DOWN,2,1,1,DOWN,3,1,1
11:57:34,RIGHT,8,26,27.74862762,44.93491593,563.4349731,HIGH,9,0,1,DOWN,2,1,1,DOWN,3,1,1
11:58:04,RIGHT,8,24,28.21302871,42.96983991,560.8894438,HIGH,9,1,1,DOWN,2,1,1,DOWN,3,1,1
11:58:34,RIGHT,8,29,26.97668815,42.76566935,560.4392402,HIGH,9,1,1,DOWN,2,1,1,DOWN,3,1,1
11:59:04,RIGHT,8,26,26.3573433,43.66252786,561.3100611,HIGH,9,1,1,DOWN,2,1,1,DOWN,3,1,1
11:59:34,RIGHT,7,28,28.33755149,45.34123183,559.9393155,HIGH,9,1,1,DOWN,2,1,1,DOWN,3,1,1
12:00:04,RIGHT,7,24,28.77216576,44.43982029,560.493608,HIGH,9,1,1,DOWN,2,1,1,DOWN,3,1,1
12:00:34,RIGHT,7,23,26.13261666,43.76358056,559.6980628,HIGH,9,1,1,DOWN,2,1,1,DOWN,3,1,1
12:01:04,RIGHT,7,24,27.36212645,42.64491802,561.6225311,HIGH,9,0,1,DOWN,2,1,1,DOWN,3,1,1
12:01:34,RIGHT,10,24,27.64984158,45.10928292,557.8968717,HIGH,9,1,1,DOWN,2,1,1,DOWN,3,1,1
12:02:04,RIGHT,10,27,26.29524972,44.0463215,563.3722526,HIGH,9,1,1,DOWN,2,1,1,DOWN,3,1,1
12:02:34,RIGHT,8,26,27.76320809,44.09156617,565.6885827,HIGH,9,1,1,DOWN,2,1,1,DOWN,3,1,1
12:03:04,RIGHT,9,23,28.68461224,43.01884584,560.3311897,HIGH,9,0,1,DOWN,2,1,1,DOWN,3,1,1
12:03:34,RIGHT,7,28,27.05906322,44.85709323,561.3492638,HIGH,9,0,1,DOWN,2,1,1,DOWN,3,1,1
12:04:04,RIGHT,7,27,28.29410313,44.13480363,560.6463376,HIGH,9,0,1,DOWN,2,1,1,DOWN,3,1,1
12:04:34,RIGHT,9,24,27.90138237,43.69756272,563.9126766,HIGH,9,0,1,DOWN,2,1,1,DOWN,3,1,1
12:05:04,RIGHT,9,22,28.22040235,45.2979783,562.7943912,HIGH,9,1,1,DOWN,2,1,1,DOWN,3,1,1
12:05:34,RIGHT,8,26,27.22804006,42.79819033,562.9589953,HIGH,9,1,1,DOWN,2,1,1,DOWN,3,1,1
12:06:04,RIGHT,10,28,28.14938568,43.59677807,564.5258229,HIGH,9,1,1,DOWN,2,1,1,DOWN,3,1,1
12:06:34,RIGHT,9,23,27.66505661,43.2671628,561.6637984,HIGH,9,1,1,DOWN,2,1,1,DOWN,3,1,1
12:07:04,RIGHT,9,24,27.93849026,44.91694706,558.3956082,HIGH,9,0,1,DOWN,2,1,1,DOWN,3,1,1
12:07:34,RIGHT,7,24,27.76356149,44.78798324,562.1414551,HIGH,9,1,1,DOWN,2,1,1,DOWN,3,1,1
12:08:04,RIGHT,8,24,28.03416463,44.8134748,561.905025,HIGH,9,0,1,DOWN,2,1,1,DOWN,3,1,1
12:08:34,RIGHT,9,26,27.00010618,44.55376876,564.8587104,HIGH,9,1,1,DOWN,2,1,1,DOWN,3,1,1
12:09:04,RIGHT,10,23,28.04452473,43.64393294,559.8258713,HIGH,9,1,1,DOWN,2,1,1,DOWN,3,1,1
12:09:34,RIGHT,8,27,27.99449913,44.90792848,562.049083,HIGH,9,0,1,DOWN,2,1,1,DOWN,3,1,1
12:10:04,RIGHT,8,22,26.35601925,45.38338133,561.3057153,HIGH,9,0,1,DOWN,2,1,1,DOWN,3,1,1
12:10:34,RIGHT,9,26,27.08034987,42.36668794,561.7515086,HIGH,9,0,1,DOWN,2,1,1,DOWN,3,1,1
12:11:04,RIGHT,9,23,27.76848371,44.89417978,563.1722943,HIGH,9,1,1,DOWN,2,1,1,DOWN,3,1,1
12:11:34,RIGHT,8,26,26.63442191,43.21624107,559.0362196,HIGH,9,0,1,DOWN,2,1,1,DOWN,3,1,1
12:12:04,RIGHT,8,26,26.89352907,42.66456993,564.0352829,HIGH,9,0,1,DOWN,2,1,1,DOWN,3,1,1
12:12:34,RIGHT,9,28,27.34483439,43.60580043,560.4691504,HIGH,9,0,1,DOWN,2,1,1,DOWN,3,1,1
12:13:04,RIGHT,7,26,27.67141649,44.00597271,564.0430396,HIGH,9,1,1,DOWN,2,1,1,DOWN,3,1,1
12:13:34,RIGHT,10,24,27.43214026,42.7048856,562.855857,HIGH,9,1,1,DOWN,2,1,1,DOWN,3,1,1
12:14:04,RIGHT,8,23,28.77841028,45.21290941,559.2359188,HIGH,9,0,1,DOWN,2,1,1,DOWN,3,1,1
12:14:34,RIGHT,9,25,28.16714877,45.18370311,562.7848324,HIGH,9,1,1,DOWN,2,1,1,DOWN,3,1,1
12:15:04,RIGHT,7,28,26.98052338,45.01538975,559.4527817,HIGH,9,0,1,DOWN,2,1,1,DOWN,3,1,1
12:15:34,RIGHT,10,27,27.45932391,44.62486012,561.2684138,HIGH,9,1,1,DOWN,2,1,1,DOWN,3,1,1
12:16:04,RIGHT,7,24,28.19866263,43.09852417,560.6669603,HIGH,9,0,1,DOWN,2,1,1,DOWN,3,1,1
12:16:34,RIGHT,7,26,28.0639721,44.89252576,564.1698622,HIGH,9,0,1,DOWN,2,1,1,DOWN,3,1,1
12:17:04,RIGHT,8,28,27.70414808,43.80368967,560.2951985,HIGH,9,0,1,DOWN,2,1,1,DOWN,3,1,1
12:17:34,RIGHT,7,23,28.06956469,44.01270768,558.8056511,HIGH,9,1,1,DOWN,2,1,1,DOWN,3,1,1
12:18:04,RIGHT,10,24,26.80093031,45.40739343,563.4513443,HIGH,9,0,1,DOWN,2,1,1,DOWN,3,1,1
12:18:34,RIGHT,9,22,27.60097665,42.67831624,564.9395126,HIGH,9,1,1,DOWN,2,1,1,DOWN,3,1,1
12:19:04,RIGHT,8,25,28.36949011,44.06381309,560.9445283,HIGH,9,0,1,DOWN,2,1,1,DOWN,3,1,1
12:19:34,RIGHT,8,25,28.04275577,45.68017959,564.1982997,HIGH,9,0,1,DOWN,2,1,1,DOWN,3,1,1
12:20:04,RIGHT,8,24,27.29311262,44.76668723,559.9153577,HIGH,9,1,1,DOWN,2,1,1,DOWN,3,1,1
12:20:34,RIGHT,8,28,27.22724377,44.76141634,559.5105618,HIGH,9,0,1,DOWN,2,1,1,DOWN,3,1,1
12:21:04,RIGHT,10,27,27.6713876,45.11660729,563.7892973,HIGH,9,1,1,DOWN,2,1,1,DOWN,3,1,1
12:21:34,RIGHT,8,27,28.11581643,44.66476668,564.7571804,HIGH,9,0,1,DOWN,2,1,1,DOWN,3,1,1
12:22:04,RIGHT,9,25,27.81634026,43.3729129,561.5953844,HIGH,9,0,1,DOWN,2,1,1,DOWN,3,1,1
12:22:34,RIGHT,10,24,26.86925642,45.40968375,560.7136812,HIGH,9,0,1,DOWN,2,1,1,DOWN,3,1,1
12:23:04,RIGHT,7,27,28.18553373,44.21153359,560.0186433,HIGH,9,1,1,DOWN,2,1,1,DOWN,3,1,1
12:23:34,RIGHT,10,27,26.95150879,44.22058245,560.9827516,HIGH,9,0,1,DOWN,2,1,1,DOWN,3,1,1
12:24:04,RIGHT,9,24,26.73124928,43.11791776,558.6431611,HIGH,9,0,1,DOWN,2,1,1,DOWN,3,1,1
12:24:34,RIGHT,10,26,28.49668523,44.11447582,564.0866267,HIGH,9,1,1,DOWN,2,1,1,DOWN,3,1,1
12:25:04,RIGHT,7,28,27.36162058,43.46584041,560.1083437,HIGH,9,0,1,DOWN,2,1,1,DOWN,3,1,1
12:25:34,RIGHT,7,27,26.75501033,43.13922687,562.5698476,HIGH,9,1,1,DOWN,2,1,1,DOWN,3,1,1
12:26:04,RIGHT,10,25,28.51431797,43.49360078,559.9386565,HIGH,9,0,1,DOWN,2,1,1,DOWN,3,1,1
12:26:34,RIGHT,7,26,28.31893926,45.21222084,559.9036104,HIGH,9,1,1,DOWN,2,1,1,DOWN,3,1,1
12:27:04,RIGHT,8,23,27.64306401,44.54825379,562.5350014,HIGH,9,0,1,DOWN,2,1,1,DOWN,3,1,1
12:27:34,RIGHT,8,28,26.63485626,43.42742698,565.4673139,HIGH,9,1,1,DOWN,2,1,1,DOWN,3,1,1
12:28:04,RIGHT,9,26,27.57645644,44.33569215,565.4198806,HIGH,9,0,1,DOWN,2,1,1,DOWN,3,1,1
12:28:34,RIGHT,8,23,27.04333238,44.18244927,564.1669662,HIGH,9,1,1,DOWN,2,1,1,DOWN,3,1,1
12:29:04,RIGHT,10,27,27.20773187,43.18919041,560.024064,HIGH,9,1,1,UP,3,1,1,DOWN,3,1,1
12:29:34,RIGHT,7,23,27.95972328,45.00068647,557.7076895,HIGH,9,1,1,UP,3,1,1,DOWN,3,1,1
12:30:04,RIGHT,7,22,26.64483258,44.54946256,563.4842722,HIGH,9,1,1,UP,3,1,1,DOWN,3,1,1
12:30:34,RIGHT,9,29,27.48389276,43.12351431,558.9936295,HIGH,9,1,1,UP,3,1,1,DOWN,3,1,1
12:31:04,RIGHT,10,24,27.09352918,45.1562191,564.6416152,HIGH,9,0,1,UP,3,1,1,DOWN,3,1,1
12:31:34,RIGHT,7,26,26.72153797,43.05505166,561.821202,HIGH,9,0,1,UP,3,1,1,DOWN,3,1,1
12:32:04,RIGHT,8,25,27.6861964,44.68318776,559.3399728,HIGH,9,1,1,UP,3,1,1,DOWN,3,1,1
12:32:34,RIGHT,10,23,28.57144864,42.98390679,561.7965371,MED,9,0,1,UP,3,1,1,DOWN,3,1,1
12:33:04,RIGHT,10,27,27.99921917,45.35987936,560.2473845,MED,9,0,1,UP,3,1,1,DOWN,3,1,1
12:33:34,RIGHT,8,27,27.93534654,43.17177675,563.4470808,MED,9,1,1,UP,3,1,1,DOWN,3,1,1
12:34:04,RIGHT,7,27,27.67748216,45.20371406,558.9667472,MED,9,0,1,UP,3,1,1,DOWN,3,1,1
12:34:34,RIGHT,9,23,28.71706873,44.9377728,561.1997819,MED,9,1,1,UP,3,1,1,DOWN,3,1,1
12:35:04,RIGHT,9,25,27.93041409,43.68032586,564.703113,MED,9,0,1,UP,3,1,1,DOWN,3,1,1
12:35:34,RIGHT,9,24,27.01710347,43.75239145,563.272811,MED,9,0,1,UP,3,1,1,DOWN,3,1,1
12:36:04,RIGHT,7,26,27.57235111,45.08957939,559.0759725,MED,9,0,1,UP,3,1,1,DOWN,3,1,1
12:36:34,RIGHT,10,25,27.39340185,44.61225566,560.3002282,MED,9,0,1,UP,3,1,1,DOWN,3,1,1
12:37:04,RIGHT,9,28,28.49131048,43.32091777,565.378838,MED,9,0,1,UP,3,1,1,DOWN,3,1,1
12:37:34,RIGHT,7,28,27.66656525,45.10312526,560.946033,MED,9,1,1,UP,3,1,1,DOWN,3,1,1
12:38:04,RIGHT,7,26,27.73350437,43.95731506,561.0971659,MED,9,1,1,UP,3,1,1,DOWN,3,1,1
12:38:34,RIGHT,8,27,26.70637854,44.38103897,562.385603,MED,9,0,1,UP,3,1,1,DOWN,3,1,1
12:39:04,RIGHT,7,26,28.94671013,44.54534587,558.039317,MED,9,0,1,UP,3,1,1,DOWN,3,1,1
12:39:34,RIGHT,10,22,28.40387768,44.39713836,563.9906893,MED,9,0,1,UP,3,1,1,DOWN,3,1,1
12:40:04,RIGHT,7,28,27.65496717,44.6649807,560.7818964,MED,9,1,1,UP,3,1,1,DOWN,3,1,1
12:40:34,RIGHT,9,25,28.00073985,43.39839655,560.0705219,MED,9,1,1,UP,3,1,1,DOWN,3,1,1
12:41:04,RIGHT,10,26,27.40723527,44.26443674,561.0693069,MED,9,1,1,UP,3,1,1,DOWN,3,1,1
12:41:34,RIGHT,9,26,27.90720798,45.52376535,557.9712086,MED,9,0,1,UP,3,1,1,DOWN,3,1,1
12:42:04,RIGHT,8,25,27.90633561,42.51791627,558.3233901,MED,9,0,1,UP,3,1,1,DOWN,3,1,1
12:42:34,RIGHT,8,27,27.59741897,45.55504875,561.4281513,MED,9,0,1,UP,3,1,1,DOWN,3,1,1
12:43:04,RIGHT,7,23,26.63515191,44.21657261,564.5989338,MED,9,1,1,UP,3,1,1,DOWN,3,1,1
12:43:34,RIGHT,9,22,27.65169771,43.28844519,563.9708032,MED,9,0,1,UP,3,1,1,DOWN,3,1,1
12:44:04,RIGHT,9,29,27.87949339,43.83030384,564.2864398,MED,9,1,1,UP,3,1,1,DOWN,3,1,1
12:44:34,RIGHT,9,26,26.85004761,44.66354643,558.5723734,MED,9,0,1,UP,3,1,1,DOWN,3,1,1
12:45:04,RIGHT,9,25,28.58397329,42.96359875,560.3187167,MED,9,1,1,UP,3,1,1,DOWN,3,1,1
12:45:34,RIGHT,9,24,27.96735519,42.6198871,563.6242437,MED,9,0,1,UP,3,1,1,DOWN,3,1,1
12:46:04,RIGHT,8,26,27.09172807,44.91638332,562.4271747,MED,9,0,1,UP,3,1,1,DOWN,3,1,1
12:46:34,RIGHT,7,27,27.46258624,42.74337504,564.4241551,MED,9,0,1,UP,3,1,1,DOWN,3,1,1
12:47:04,RIGHT,8,24,28.27360571,43.89193991,559.6166548,MED,9,1,1,UP,3,1,1,DOWN,3,1,1
12:47:34,RIGHT,8,24,27.41355251,45.9179164,559.9772568,MED,9,1,1,UP,3,1,1,DOWN,3,1,1
12:48:04,RIGHT,10,24,27.80769653,44.55635529,561.1523829,MED,9,1,1,UP,3,1,1,DOWN,3,1,1
12:48:34,RIGHT,8,27,28.41284437,45.21342066,562.4829728,MED,9,1,1,UP,3,1,1,DOWN,3,1,1
12:49:04,RIGHT,9,23,27.61925128,43.41044133,561.3458016,MED,9,1,1,UP,3,1,1,DOWN,3,1,1
12:49:34,RIGHT,10,25,28.10454379,44.77788542,563.7665871,MED,9,0,1,UP,3,1,1,DOWN,3,1,1
12:50:04,RIGHT,9,28,28.15640193,44.09006105,564.7902551,MED,9,0,1,UP,3,1,1,DOWN,3,1,1
12:50:34,RIGHT,10,26,27.77851988,45.24241855,563.5129591,MED,9,1,1,UP,3,1,1,DOWN,3,1,1
12:51:04,RIGHT,10,24,26.53180614,43.97976387,560.9521727,MED,9,1,1,UP,3,1,1,DOWN,3,1,1
12:51:34,RIGHT,9,24,28.46022931,44.50825267,557.7448961,MED,9,1,1,UP,3,1,1,DOWN,3,1,1
12:52:04,RIGHT,9,24,27.79830495,43.51467288,563.9829087,MED,9,1,1,UP,3,1,1,DOWN,3,1,1
12:52:34,RIGHT,7,26,26.56347356,45.62769206,563.4251301,MED,9,1,1,UP,3,1,1,DOWN,3,1,1
12:53:04,RIGHT,9,24,28.48837424,44.0003844,562.3090974,MED,9,0,1,UP,3,1,1,DOWN,3,1,1
12:53:34,RIGHT,8,23,27.67683962,44.33261568,560.7115509,MED,9,0,1,UP,3,1,1,DOWN,3,1,1
12:54:04,RIGHT,10,23,26.58450777,44.12663118,557.7742368,MED,9,0,1,UP,3,1,1,DOWN,3,1,1
12:54:34,RIGHT,7,28,27.29621554,43.37003792,558.1856332,MED,9,0,1,UP,3,1,1,DOWN,3,1,1
12:55:04,RIGHT,9,25,28.48692995,42.75890959,558.0818447,MED,9,0,1,UP,3,1,1,DOWN,3,1,1
12:55:34,RIGHT,7,26,27.85564108,45.4755144,564.2589905,MED,9,1,1,UP,3,1,1,DOWN,3,1,1
12:56:04,RIGHT,7,28,28.01038137,44.11084674,560.178628,MED,9,0,1,UP,3,1,1,DOWN,3,1,1
12:56:34,RIGHT,8,25,27.64559288,42.88448438,559.0180299,MED,9,1,1,UP,3,1,1,DOWN,3,1,1
12:57:04,RIGHT,10,24,27.64727216,43.06763986,564.8074098,MED,9,0,1,UP,3,1,1,DOWN,3,1,1
12:57:34,RIGHT,8,24,28.49214084,43.57128808,561.3704933,MED,9,0,1,UP,3,1,1,DOWN,3,1,1
12:58:04,RIGHT,9,25,28.80455418,44.93116021,562.1984057,MED,9,1,1,UP,3,1,1,DOWN,3,1,1
12:58:34,RIGHT,10,25,27.89183941,44.31316337,558.4635768,MED,9,1,1,UP,3,1,1,DOWN,3,1,1
12:59:04,RIGHT,8,26,28.12354464,43.32942791,564.572467,MED,9,1,1,UP,3,1,1,DOWN,3,1,1
12:59:34,RIGHT,8,23,26.99476321,43.01232567,559.5145978,MED,9,1,1,UP,3,1,1,DOWN,3,1,1
13:00:04,RIGHT,9,25,26.90472258,43.27941184,558.4999346,MED,9,1,1,UP,3,1,1,DOWN,3,1,1
13:00:34,RIGHT,8,25,27.13734172,45.13808274,563.8815223,MED,9,0,1,UP,3,1,1,DOWN,3,1,1
13:01:04,RIGHT,8,26,28.80360597,44.71170528,557.4429893,MED,9,1,1,UP,3,1,1,DOWN,3,1,1
13:01:34,RIGHT,9,24,27.95149083,44.51970031,564.1633547,MED,9,1,1,UP,3,1,1,DOWN,3,1,1
13:02:04,RIGHT,8,26,28.02495397,44.40890257,562.5786318,MED,9,0,1,UP,3,1,1,DOWN,3,1,1
13:02:34,RIGHT,10,25,28.35049292,42.74421273,559.6350507,MED,9,1,1,UP,3,1,1,DOWN,3,1,1
13:03:04,RIGHT,7,27,27.18978102,43.36025323,559.6484267,MED,9,0,1,UP,3,1,1,DOWN,3,1,1
13:03:34,RIGHT,10,23,26.93458642,43.29241331,558.0695533,MED,9,1,1,UP,3,1,1,DOWN,3,1,1
13:04:04,RIGHT,10,26,27.95316427,44.04640828,563.8248696,MED,9,0,1,UP,3,1,1,DOWN,3,1,1
13:04:34,RIGHT,8,26,28.37390013,45.26471083,560.065284,MED,9,1,1,UP,3,1,1,DOWN,3,1,1
13:05:04,RIGHT,9,28,27.96509666,45.16112667,564.5195602,MED,9,1,1,UP,3,1,1,DOWN,3,1,1
13:05:34,RIGHT,8,27,28.63348291,43.62036931,563.5706867,MED,9,0,1,UP,3,1,1,DOWN,3,1,1
13:06:04,RIGHT,8,26,28.52243513,43.60512882,558.8642665,MED,9,1,1,UP,3,1,1,DOWN,3,1,1
13:06:34,RIGHT,7,27,26.65350177,44.99748279,558.0495059,MED,9,0,1,UP,3,1,1,DOWN,3,1,1
13:07:04,RIGHT,8,26,27.26005599,43.32574236,557.4052107,MED,9,1,1,UP,3,1,1,DOWN,3,1,1
13:07:34,RIGHT,10,26,28.74081018,43.390982,562.7066616,MED,9,0,1,UP,3,1,1,DOWN,3,1,1
13:08:04,RIGHT,9,22,27.51162803,43.43343117,561.833319,MED,9,1,1,UP,3,1,1,DOWN,3,1,1
13:08:34,RIGHT,10,26,28.2644768,43.87743294,565.5858385,MED,9,0,1,UP,3,1,1,DOWN,3,1,1
13:09:04,RIGHT,8,29,27.20366161,43.43974904,560.4918523,MED,9,1,1,UP,3,1,1,DOWN,3,1,1
13:09:34,RIGHT,7,25,27.16285852,43.74290634,561.7965259,MED,9,0,1,UP,3,1,1,DOWN,3,1,1
13:10:04,RIGHT,10,25,28.00039351,43.90260843,560.5568617,MED,9,0,1,UP,3,1,1,DOWN,3,1,1
13:10:34,LEFT,8,25,27.05329709,44.82733129,558.0483576,MED,9,1,1,UP,3,1,1,DOWN,3,1,1
13:11:04,LEFT,7,28,28.18465489,45.77731574,562.3774609,MED,9,1,1,UP,3,1,1,DOWN,3,1,1
13:11:34,LEFT,8,24,27.7064148,44.66193675,564.9282132,MED,9,1,1,UP,3,1,1,DOWN,3,1,1
13:12:04,LEFT,10,27,27.16235621,43.66619828,564.2315429,MED,9,0,1,UP,3,1,1,DOWN,3,1,1
13:12:34,LEFT,7,23,28.19862779,44.25220403,563.2082366,MED,9,1,1,UP,3,1,1,DOWN,3,1,1
13:13:04,LEFT,8,26,28.4822257,43.25215343,560.3154744,MED,9,1,1,UP,3,1,1,DOWN,3,1,1
13:13:34,LEFT,9,26,28.29462369,44.38291768,558.572598,MED,9,0,1,UP,3,1,1,DOWN,3,1,1
13:14:04,LEFT,7,26,26.71592805,43.36895755,558.7402708,MED,9,1,1,UP,3,1,1,DOWN,3,1,1
13:14:34,LEFT,9,26,27.90020924,43.94698747,564.3863535,MED,9,1,1,UP,3,1,1,DOWN,3,1,1
13:15:04,LEFT,10,24,27.85960144,42.89836861,563.0827416,MED,9,1,1,UP,3,1,1,DOWN,3,1,1
13:15:34,LEFT,9,25,27.04437227,45.37610704,561.8586514,MED,9,0,1,UP,3,1,1,DOWN,3,1,1
13:16:04,LEFT,8,25,27.6170008,44.95364119,563.9233177,MED,9,1,1,UP,3,1,1,DOWN,3,1,1
13:16:34,LEFT,8,24,28.87702539,44.29674583,558.0866518,MED,9,1,1,UP,3,1,1,UP,4,1,1
13:17:04,LEFT,10,24,28.4847684,44.31460159,562.2480978,MED,9,1,1,UP,3,1,1,UP,4,1,1
13:17:34,LEFT,9,24,27.27163214,43.84290165,562.2331921,MED,9,1,1,UP,3,1,1,UP,4,1,1
13:18:04,LEFT,10,28,28.04460332,43.34511129,560.397662,MED,9,1,1,UP,3,1,1,UP,4,1,1
13:18:34,LEFT,9,24,27.70921988,44.08291933,565.3344937,MED,9,1,1,UP,3,1,1,UP,4,1,1
13:19:04,LEFT,7,24,26.9693803,45.61596458,560.2165008,MED,9,1,1,UP,3,1,1,UP,4,1,1
13:19:34,LEFT,10,24,27.40256989,43.71510963,562.8372191,MED,9,0,1,UP,3,1,1,UP,4,1,1
13:20:04,LEFT,10,24,27.62291334,44.08605319,559.5645768,MED,9,1,1,UP,3,1,1,UP,4,1,1
13:20:34,LEFT,10,25,27.80633612,43.1413978,558.6454173,MED,9,1,1,UP,3,1,1,UP,4,1,1
13:21:04,LEFT,7,23,27.51177062,44.35190902,564.4594471,MED,9,0,1,UP,3,1,1,UP,4,1,1
13:21:34,LEFT,8,26,28.84973196,44.83774189,561.722925,MED,9,1,1,UP,3,1,1,UP,4,1,1
13:22:04,LEFT,7,27,28.09702832,43.36281257,563.8792958,MED,9,0,1,UP,3,1,1,UP,4,1,1
13:22:34,LEFT,8,27,27.27423598,43.29271744,561.7610733,MED,9,1,1,UP,3,1,1,UP,4,1,1
13:23:04,LEFT,9,26,27.55039842,43.26968322,559.1647543,MED,9,0,1,UP,3,1,1,UP,4,1,1
13:23:34,LEFT,8,25,27.53074284,45.77780206,561.807852,MED,9,0,1,UP,3,1,1,UP,4,1,1
13:24:04,LEFT,10,28,27.32679461,44.97595249,559.8049932,MED,9,1,1,UP,3,1,1,UP,4,1,1
13:24:34,LEFT,8,25,28.6948499,42.28207672,565.7140383,MED,9,0,1,UP,3,1,1,UP,4,1,1
13:25:04,LEFT,9,25,27.44627606,44.6923733,563.173658,MED,9,1,1,UP,3,1,1,UP,4,1,1
13:25:34,LEFT,10,29,26.74388382,44.27421611,559.5845789,MED,9,1,1,DOWN,4,1,1,UP,4,1,1
13:26:04,LEFT,8,25,27.68131454,42.71294644,562.8133415,MED,9,1,1,DOWN,4,1,1,UP,4,1,1
13:26:34,LEFT,8,27,27.96255798,44.99574215,562.4394519,MED,9,1,1,DOWN,4,1,1,UP,4,1,1
13:27:04,LEFT,7,24,27.55806069,45.05243738,561.160386,MED,9,0,1,DOWN,4,1,1,UP,4,1,1
13:27:34,LEFT,8,25,27.36225661,42.70543827,564.2659975,MED,9,0,1,DOWN,4,1,1,UP,4,1,1
13:28:04,LEFT,9,26,27.55670558,43.37106707,563.9230034,MED,9,1,1,DOWN,4,1,1,UP,4,1,1
13:28:34,LEFT,7,28,27.51822445,44.69990068,559.8240591,MED,9,0,1,DOWN,4,1,1,UP,4,1,1
13:29:04,LEFT,8,27,27.41806387,43.36776887,557.7068545,MED,9,1,1,DOWN,4,1,1,UP,4,1,1
13:29:34,LEFT,10,23,27.01916614,42.60016455,560.6648478,MED,9,0,1,DOWN,4,1,1,UP,4,1,1
13:30:04,LEFT,7,27,26.87949277,45.88324094,558.0336133,MED,9,1,1,DOWN,4,1,1,UP,4,1,1
13:30:34,LEFT,9,26,27.1439466,44.56691033,560.1711432,MED,9,1,1,DOWN,4,1,1,UP,4,1,1
13:31:04,LEFT,7,25,27.57739757,43.84396134,564.7634377,MED,9,1,1,DOWN,4,1,1,UP,4,1,1
13:31:34,LEFT,10,26,27.31509466,44.23568855,562.8236448,MED,9,0,1,DOWN,4,1,1,UP,4,1,1
13:32:04,LEFT,10,25,27.29513411,44.39747319,563.9472439,MED,9,1,1,DOWN,4,1,1,UP,4,1,1
13:32:34,LEFT,10,27,27.36687063,43.37368183,560.1908181,MED,9,1,1,DOWN,4,1,1,UP,4,1,1
13:33:04,LEFT,10,23,27.45659829,44.49640523,558.2921593,MED,9,1,1,DOWN,4,1,1,UP,4,1,1
13:33:34,LEFT,8,28,28.46958258,44.91576794,561.4196005,MED,9,0,1,DOWN,4,1,1,UP,4,1,1
13:34:04,LEFT,10,28,27.08370671,44.56795861,565.915751,MED,9,0,1,DOWN,4,1,1,UP,4,1,1
13:34:34,LEFT,9,22,26.71655459,45.53775492,562.683476,MED,9,0,1,DOWN,4,1,1,UP,4,1,1
13:35:04,LEFT,10,23,27.09726396,45.612113,558.6605533,MED,9,1,1,DOWN,4,1,1,UP,4,1,1
13:35:34,LEFT,7,27,27.8744287,42.56420704,558.5029096,MED,9,0,1,DOWN,4,1,1,UP,4,1,1
13:36:04,LEFT,8,24,27.5147771,44.18081053,563.3002576,MED,9,0,1,DOWN,4,1,1,UP,4,1,1
13:36:34,LEFT,9,25,26.9786211,45.8102917,562.102843,MED,9,1,1,DOWN,4,1,1,UP,4,1,1
13:37:04,LEFT,10,28,27.71102082,44.90607977,559.3469117,MED,9,1,1,UP,5,1,1,UP,4,1,1
13:37:34,LEFT,10,25,27.80657163,44.74744799,564.2875962,MED,9,0,1,UP,5,1,1,UP,4,1,1
13:38:04,LEFT,8,26,27.26929419,43.81910643,564.5289213,MED,9,0,1,UP,5,1,1,UP,4,1,1
13:38:34,LEFT,9,29,27.16068804,43.19722034,559.4869386,MED,9,1,1,UP,5,1,1,UP,4,1,1
13:39:04,LEFT,7,25,28.32132033,42.75946795,560.8759015,MED,9,0,1,UP,5,1,1,UP,4,1,1
13:39:34,LEFT,10,23,26.34651997,44.02740507,563.075771,MED,9,1,1,UP,5,1,1,UP,4,1,1
13:40:04,LEFT,8,26,27.46920009,43.13675623,559.6395282,HIGH,9,0,1,UP,5,1,1,UP,4,1,1
13:40:34,LEFT,10,28,27.76871086,43.40764597,559.5955443,HIGH,9,0,1,UP,5,1,1,UP,4,1,1
13:41:04,LEFT,10,28,27.9042165,45.25513174,560.3888677,HIGH,9,0,1,UP,5,1,1,UP,4,1,1
13:41:34,LEFT,7,22,27.8281257,44.19836038,560.5685745,HIGH,9,1,1,UP,5,1,1,UP,4,1,1
13:42:04,LEFT,8,25,27.88073403,43.6343906,562.2440773,HIGH,9,1,1,UP,5,1,1,UP,4,1,1
13:42:34,LEFT,7,27,26.41195518,45.59718376,563.5855185,HIGH,9,0,1,UP,5,1,1,UP,4,1,1
13:43:04,LEFT,10,25,28.01739282,44.89271695,560.8402116,HIGH,9,0,1,UP,5,1,1,UP,4,1,1
13:43:34,LEFT,10,24,27.48697945,43.68086337,564.9090247,HIGH,9,1,1,UP,5,1,1,UP,4,1,1
13:44:04,LEFT,10,24,27.26187892,44.11366008,564.8115342,HIGH,9,1,1,UP,5,1,1,UP,4,1,1
13:44:34,LEFT,9,24,26.93232601,44.13822499,561.5385458,HIGH,9,1,1,UP,5,1,1,UP,4,1,1
13:45:04,LEFT,8,27,27.91387459,44.7546153,560.574207,HIGH,9,0,1,UP,5,1,1,UP,4,1,1
13:45:34,LEFT,7,29,27.89800774,44.78093077,558.1054412,HIGH,9,0,1,UP,5,1,1,UP,4,1,1
13:46:04,LEFT,8,27,27.1519568,43.36266641,561.8220546,HIGH,9,0,1,UP,5,1,1,UP,4,1,1
13:46:34,LEFT,7,25,27.68304304,42.0723183,559.7475416,HIGH,9,0,1,UP,5,1,1,UP,4,1,1
13:47:04,LEFT,7,4,28.43783877,43.59043092,563.6566847,HIGH,9,1,1,UP,5,1,1,UP,4,1,1
13:47:34,LEFT,8,4,27.07611843,44.77848055,559.0671895,HIGH,9,0,1,UP,5,1,1,UP,4,1,1
13:48:04,LEFT,10,4,27.00202825,42.85898055,558.1828126,HIGH,9,0,1,UP,5,1,1,UP,4,1,1
13:48:34,LEFT,9,5,26.77649089,43.47314183,558.6921164,HIGH,9,1,1,UP,5,1,1,UP,4,1,1
13:49:04,LEFT,10,4,27.56055799,45.66955615,562.4850031,HIGH,9,0,1,UP,5,1,1,UP,4,1,1
13:49:34,LEFT,7,6,27.00713807,43.87451709,565.1648529,HIGH,9,0,1,UP,5,1,1,UP,4,1,1
13:50:04,LEFT,8,4,27.92212504,43.09667818,565.4400771,HIGH,9,0,1,UP,5,1,1,UP,4,1,1
13:50:34,LEFT,20,6,26.79799515,45.95226654,559.7644899,HIGH,9,1,1,UP,5,1,1,UP,4,1,1
13:51:04,LEFT,21,4,28.71600911,44.58251485,560.0314436,HIGH,9,1,1,UP,5,1,1,UP,4,1,1
13:51:34,LEFT,19,4,28.73987859,43.40543037,562.2429565,HIGH,9,1,1,UP,5,1,1,UP,4,1,1
13:52:04,LEFT,23,4,27.89716802,43.13916245,558.3736339,HIGH,9,1,1,UP,5,1,1,UP,4,1,1
13:52:34,LEFT,23,4,28.8110346,45.30684164,563.6344489,HIGH,9,0,1,UP,5,1,1,UP,4,1,1
13:53:04,LEFT,21,5,28.08796495,44.04464737,562.2805893,HIGH,9,0,1,UP,5,1,1,UP,4,1,1
13:53:34,LEFT,23,5,26.4874957,45.43454856,564.695478,HIGH,9,0,1,UP,5,1,1,UP,4,1,1
13:54:04,LEFT,22,5,27.22012869,43.16125372,562.8197875,HIGH,9,0,1,UP,5,1,1,UP,4,1,1
13:54:34,LEFT,22,6,28.24194162,43.97877915,561.4244279,HIGH,9,1,1,UP,5,1,1,UP,4,1,1
13:55:04,LEFT,22,5,27.89578219,43.69022755,560.224314,HIGH,9,1,1,UP,5,1,1,UP,4,1,1
13:55:34,LEFT,20,4,28.61127549,42.79759562,562.0983217,HIGH,9,1,1,UP,5,1,1,UP,4,1,1
13:56:04,LEFT,19,5,27.15763717,43.49258337,559.547674,MED,9,0,1,UP,5,1,1,UP,4,1,1
13:56:34,LEFT,25,6,27.76985353,45.71293375,561.3231325,MED,9,1,1,UP,5,1,1,UP,4,1,1
13:57:04,LEFT,23,5,26.85073477,43.62591171,559.8223415,MED,9,0,1,UP,5,1,1,UP,4,1,1
13:57:34,LEFT,20,5,28.42243193,43.08344435,559.421264,MED,9,0,1,UP,5,1,1,UP,4,1,1
13:58:04,LEFT,20,6,27.04027637,45.27765776,558.4828855,MED,9,1,1,UP,5,1,1,UP,4,1,1
13:58:34,LEFT,20,5,28.37609365,43.64534392,559.8678526,MED,9,1,1,UP,5,1,1,UP,4,1,1
13:59:04,LEFT,21,4,27.13762443,43.3695751,564.1190616,MED,9,0,1,UP,5,1,1,DOWN,5,1,1
13:59:34,LEFT,22,6,28.49977877,43.98467943,563.1423867,MED,9,0,1,UP,5,1,1,DOWN,5,1,1
14:00:04,LEFT,23,6,26.96538113,44.93193568,560.5774113,MED,9,1,1,UP,5,1,1,DOWN,5,1,1
14:00:34,LEFT,19,4,28.53783188,42.48874353,559.6589498,MED,9,0,1,UP,5,1,1,DOWN,5,1,1
14:01:04,LEFT,22,4,28.09072443,45.4425477,560.1863712,MED,9,0,1,UP,5,1,1,DOWN,5,1,1
14:01:34,LEFT,24,5,27.57428395,45.15295989,559.926991,MED,9,1,1,UP,5,1,1,DOWN,5,1,1
14:02:04,LEFT,20,4,28.14712307,44.18026924,561.8692968,MED,9,0,1,UP,5,1,1,DOWN,5,1,1
14:02:34,LEFT,22,5,27.05125604,42.78727692,561.1371303,LOW,9,1,1,UP,5,1,1,DOWN,5,1,1
14:03:04,LEFT,22,5,26.37527491,43.02472752,559.1203641,LOW,9,1,1,UP,5,1,1,DOWN,5,1,1
14:03:34,LEFT,24,6,27.27766509,44.4389729,557.3889018,LOW,9,0,1,UP,5,1,1,DOWN,5,1,1
14:04:04,LEFT,24,4,27.45815051,43.12090973,558.7364473,LOW,9,1,1,UP,5,1,1,DOWN,5,1,1
14:04:34,LEFT,22,4,27.6151264,45.9584662,564.8005624,LOW,9,1,1,UP,5,1,1,DOWN,5,1,1
14:05:04,LEFT,21,6,28.12167639,42.96697271,560.1677059,LOW,9,1,1,UP,5,1,1,DOWN,5,1,1
14:05:34,LEFT,20,5,28.32904762,43.19110665,559.3031529,LOW,9,0,1,UP,5,1,1,DOWN,5,1,1
14:06:04,LEFT,25,4,27.55172943,45.92371292,560.5290657,LOW,9,1,1,UP,5,1,1,DOWN,5,1,1
14:06:34,LEFT,21,4,26.7765972,45.1851131,559.3384152,LOW,9,1,1,UP,5,1,1,DOWN,5,1,1
14:07:04,LEFT,21,4,27.46673009,43.51436676,563.3674128,LOW,9,0,1,UP,5,1,1,DOWN,5,1,1
14:07:34,LEFT,20,5,28.28053967,43.40803439,564.0345544,LOW,9,0,1,UP,5,1,1,DOWN,5,1,1
14:08:04,LEFT,21,4,27.63133358,42.9271316,562.9516195,LOW,9,1,1,UP,5,1,1,DOWN,5,1,1
14:08:34,LEFT,21,5,28.06737842,43.81774349,565.5868071,LOW,9,0,1,UP,5,1,1,DOWN,5,1,1
14:09:04,LEFT,23,4,27.03540908,44.34020603,564.9860088,LOW,9,0,1,UP,5,1,1,DOWN,5,1,1
14:09:34,LEFT,22,4,27.99622218,43.72227289,558.4840484,LOW,9,1,1,UP,5,1,1,DOWN,5,1,1
14:10:04,LEFT,23,6,28.70344511,43.63060503,559.7016932,LOW,9,1,1,DOWN,6,1,1,DOWN,5,1,1
14:10:34,LEFT,23,6,26.63114292,42.98769009,558.18845,LOW,9,1,1,DOWN,6,1,1,DOWN,5,1,1
14:11:04,LEFT,21,6,26.58055285,43.8358079,559.0894794,LOW,9,0,1,DOWN,6,1,1,DOWN,5,1,1
14:11:34,LEFT,18,6,27.56538506,43.1027013,560.6008607,LOW,9,0,1,DOWN,6,1,1,DOWN,5,1,1
14:12:04,LEFT,21,5,27.76613211,45.57342294,562.4249607,LOW,9,1,1,DOWN,6,1,1,DOWN,5,1,1
14:12:34,LEFT,21,6,27.00752109,45.39604763,564.6693355,LOW,9,1,1,DOWN,6,1,1,DOWN,5,1,1
14:13:04,LEFT,25,6,27.11206626,42.76127427,558.6662028,LOW,9,0,1,DOWN,6,1,1,DOWN,5,1,1
14:13:34,LEFT,23,6,27.74448986,44.46323845,562.772095,LOW,9,0,1,DOWN,6,1,1,DOWN,5,1,1
14:14:04,LEFT,21,6,26.22201709,44.18734291,564.9973193,LOW,9,0,1,DOWN,6,1,1,DOWN,5,1,1
14:14:34,LEFT,24,5,28.3993581,43.67197924,560.7127488,LOW,9,1,1,DOWN,6,1,1,DOWN,5,1,1
14:15:04,LEFT,22,4,27.76215203,43.31437604,563.0809653,LOW,9,0,1,DOWN,6,1,1,DOWN,5,1,1
14:15:34,LEFT,23,4,26.20587298,45.24230674,559.6405349,LOW,9,0,1,DOWN,6,1,1,DOWN,5,1,1
14:16:04,LEFT,22,5,26.8855651,44.92602577,559.4370233,LOW,9,0,1,DOWN,6,1,1,DOWN,5,1,1
14:16:34,LEFT,22,5,27.25865543,42.79380419,560.8763497,LOW,9,0,1,DOWN,6,1,1,DOWN,5,1,1
14:17:04,LEFT,21,6,27.54781629,43.14652209,563.5034712,LOW,9,1,1,DOWN,6,1,1,DOWN,5,1,1
14:17:34,RIGHT,23,4,28.15067641,45.44479535,562.2720558,LOW,9,0,1,DOWN,6,1,1,DOWN,5,1,1
14:18:04,RIGHT,20,6,28.50704406,44.96873113,562.3397455,LOW,9,0,1,DOWN,6,1,1,DOWN,5,1,1
14:18:34,RIGHT,24,5,27.41930897,44.12513745,559.8684465,LOW,9,0,1,DOWN,6,1,1,DOWN,5,1,1
14:19:04,RIGHT,23,6,28.06273456,43.65262634,562.565467,LOW,9,0,1,DOWN,6,1,1,DOWN,5,1,1
14:19:34,RIGHT,21,6,27.45971242,43.80495314,560.916404,LOW,9,0,1,DOWN,6,1,1,DOWN,5,1,1
14:20:04,RIGHT,23,6,26.91313523,42.87570055,563.626832,LOW,9,1,1,DOWN,6,1,1,DOWN,5,1,1
14:20:34,RIGHT,21,5,27.84527278,43.13408793,562.5217192,LOW,9,1,1,DOWN,6,1,1,DOWN,5,1,1
14:21:04,RIGHT,21,5,27.69852846,44.10937301,564.718525,LOW,9,1,1,DOWN,6,1,1,DOWN,5,1,1
14:21:34,RIGHT,21,5,27.3370906,43.79820181,562.8284367,LOW,9,0,1,DOWN,6,1,1,DOWN,5,1,1
14:22:04,RIGHT,20,5,28.1911484,44.40223614,560.3706695,LOW,9,0,1,DOWN,6,1,1,DOWN,5,1,1
14:22:34,RIGHT,22,5,27.15668354,43.08486384,559.3524843,LOW,9,0,1,DOWN,6,1,1,DOWN,5,1,1
14:23:04,RIGHT,19,4,27.72956864,43.25729027,564.0748372,LOW,9,0,1,DOWN,6,1,1,DOWN,5,1,1
14:23:34,RIGHT,22,5,26.4316116,45.75927281,558.8531763,LOW,9,0,1,DOWN,6,1,1,DOWN,5,1,1
14:24:04,RIGHT,23,5,28.59958019,43.65947755,565.0992225,LOW,9,1,1,DOWN,6,1,1,DOWN,5,1,1
14:24:34,RIGHT,23,5,28.25326571,45.3855986,562.2130562,LOW,9,1,1,DOWN,6,1,1,DOWN,5,1,1
14:25:04,RIGHT,19,4,26.36737072,43.81549334,558.7937082,LOW,9,0,1,DOWN,6,1,1,DOWN,5,1,1
14:25:34,RIGHT,21,6,26.91706422,44.46522051,557.3052695,LOW,9,1,1,DOWN,6,1,1,DOWN,5,1,1
14:26:04,RIGHT,21,6,26.97302455,43.90527647,563.8603413,LOW,9,0,1,DOWN,6,1,1,DOWN,5,1,1
14:26:34,RIGHT,22,5,26.61102312,45.8422059,559.5410524,LOW,9,1,1,DOWN,6,1,1,DOWN,5,1,1
14:27:04,RIGHT,20,4,28.78149047,43.93170175,562.4019199,LOW,9,1,1,DOWN,6,1,1,DOWN,5,1,1
14:27:34,RIGHT,23,5,28.19696369,43.00034039,560.0668421,LOW,9,1,1,DOWN,6,1,1,DOWN,5,1,1
14:28:04,RIGHT,22,4,27.12653064,45.20707956,563.3892005,LOW,9,1,1,DOWN,6,1,1,DOWN,5,1,1
14:28:34,RIGHT,18,6,27.44220662,45.31779044,559.0950739,LOW,9,1,1,DOWN,6,1,1,DOWN,5,1,1
14:29:04,RIGHT,23,5,27.94925075,42.52036422,560.7461524,LOW,9,0,1,DOWN,6,1,1,DOWN,5,1,1
14:29:34,RIGHT,21,6,27.16029525,44.04766792,563.1515472,LOW,9,1,1,DOWN,6,1,1,DOWN,5,1,1
14:30:04,RIGHT,22,6,27.87125506,42.83475714,559.6602413,LOW,9,1,1,DOWN,6,1,1,DOWN,5,1,1
14:30:34,RIGHT,19,6,27.6252826,44.85541513,562.0874046,LOW,9,0,1,DOWN,6,1,1,DOWN,5,1,1
14:31:04,RIGHT,20,4,27.93859728,43.4273831,561.1783066,LOW,9,1,1,DOWN,6,1,1,DOWN,5,1,1
14:31:34,RIGHT,23,5,26.92907082,45.20756356,564.3632365,LOW,9,1,1,DOWN,6,1,1,DOWN,5,1,1
14:32:04,RIGHT,20,6,28.85537979,44.46541349,557.9382104,LOW,9,1,1,DOWN,6,1,1,DOWN,5,1,1
14:32:34,RIGHT,18,5,27.98475479,42.88602101,564.3365359,LOW,9,0,1,DOWN,6,1,1,DOWN,5,1,1
14:33:04,RIGHT,24,5,28.15285673,43.45589718,561.5734571,LOW,9,1,1,DOWN,6,1,1,DOWN,5,1,1
14:33:34,RIGHT,19,6,27.48078179,42.48627029,561.4574575,LOW,9,1,1,DOWN,6,1,1,DOWN,5,1,1
14:34:04,RIGHT,25,4,28.3568544,45.06245731,565.599496,LOW,9,1,1,DOWN,6,1,1,DOWN,5,1,1
14:34:34,RIGHT,19,5,26.94963263,43.86296923,557.8129463,LOW,9,1,1,DOWN,6,1,1,DOWN,5,1,1
14:35:04,RIGHT,24,6,27.61652466,42.94062796,561.9302746,LOW,9,1,1,DOWN,6,1,1,DOWN,5,1,1
14:35:34,RIGHT,19,4,27.40607717,43.81455943,559.9476466,LOW,9,0,1,DOWN,6,1,1,DOWN,5,1,1
14:36:04,RIGHT,23,4,27.43253477,44.89261462,561.1097246,LOW,9,1,1,DOWN,6,1,1,DOWN,5,1,1
14:36:34,RIGHT,20,6,27.62252036,42.63921778,562.9960578,LOW,9,0,1,DOWN,6,1,1,DOWN,5,1,1
14:37:04,RIGHT,21,4,28.67007601,42.56125716,559.46349,LOW,9,1,1,DOWN,6,1,1,DOWN,5,1,1
14:37:34,RIGHT,23,6,27.87892841,43.60975652,558.2920909,LOW,9,1,1,DOWN,6,1,1,DOWN,5,1,1
14:38:04,RIGHT,24,6,27.38943802,44.99573834,558.7115375,LOW,9,0,1,DOWN,6,1,1,DOWN,5,1,1
14:38:34,RIGHT,19,4,27.52135259,44.80205595,563.880468,LOW,9,1,1,DOWN,6,1,1,DOWN,5,1,1
14:39:04,RIGHT,22,6,27.07542964,44.99155162,558.4447514,LOW,9,1,1,DOWN,6,1,1,DOWN,5,1,1
14:39:34,RIGHT,19,6,26.87383323,44.01297266,559.0412548,LOW,9,1,1,DOWN,6,1,1,DOWN,5,1,1
14:40:04,RIGHT,23,4,27.8893656,42.80359135,562.1318863,LOW,9,1,1,DOWN,6,1,1,DOWN,5,1,1
14:40:34,RIGHT,20,6,27.57639413,43.05300262,564.9012602,LOW,9,1,1,DOWN,6,1,1,DOWN,5,1,1
14:41:04,RIGHT,21,5,28.06461837,42.82202368,558.0929944,LOW,9,1,1,DOWN,6,1,1,DOWN,5,1,1
14:41:34,RIGHT,21,5,28.16250082,43.29477236,558.9717461,LOW,9,1,1,DOWN,6,1,1,DOWN,5,1,1
14:42:04,RIGHT,19,4,27.12280931,44.82251426,559.0288186,LOW,9,1,1,DOWN,6,1,1,DOWN,5,1,1
14:42:34,RIGHT,21,4,27.25599282,43.78872559,561.3361677,LOW,9,0,1,DOWN,6,1,1,DOWN,5,1,1
14:43:04,RIGHT,19,4,27.97155811,43.46856936,565.7797482,LOW,9,0,1,DOWN,6,1,1,DOWN,5,1,1
14:43:34,RIGHT,24,4,27.49006018,44.14686872,558.9589379,LOW,9,1,1,DOWN,6,1,1,DOWN,5,1,1
14:44:04,RIGHT,23,6,26.96073978,45.40360498,558.8342001,LOW,9,1,1,DOWN,6,1,1,DOWN,5,1,1
14:44:34,RIGHT,25,6,28.34591728,43.16925331,562.055799,LOW,9,0,1,DOWN,6,1,1,DOWN,5,1,1
14:45:04,RIGHT,23,5,27.64014529,45.34649152,561.5779066,LOW,9,1,1,DOWN,6,1,1,DOWN,5,1,1
14:45:34,RIGHT,18,5,27.903789,45.97216958,563.4096029,LOW,9,1,1,DOWN,6,1,1,DOWN,5,1,1
14:46:04,RIGHT,23,6,28.89234195,43.42798633,565.0550124,LOW,9,1,1,DOWN,6,1,1,DOWN,5,1,1
14:46:34,RIGHT,23,5,28.26971178,45.18975008,562.0206689,LOW,9,1,1,DOWN,6,1,1,DOWN,5,1,1
14:47:04,RIGHT,21,4,27.80463975,44.66017686,564.9007639,LOW,9,0,1,DOWN,6,1,1,DOWN,5,1,1
14:47:34,RIGHT,23,5,27.80955388,44.74822876,559.9244957,LOW,9,1,1,DOWN,6,1,1,DOWN,5,1,1
14:48:04,RIGHT,20,6,27.72613214,45.32045952,558.2420938,LOW,9,0,1,DOWN,6,1,1,DOWN,5,1,1
14:48:34,RIGHT,21,6,26.83377892,43.89200557,559.2230774,LOW,9,1,1,DOWN,6,1,1,DOWN,5,1,1
14:49:04,RIGHT,20,6,27.34307961,43.98682047,561.547963,LOW,9,0,1,DOWN,6,1,1,DOWN,5,1,1
14:49:34,RIGHT,21,5,27.87335906,43.98721347,559.0670671,LOW,9,1,1,DOWN,6,1,1,DOWN,5,1,1
14:50:04,RIGHT,20,6,27.69833728,43.48065698,563.9111175,LOW,9,0,1,DOWN,6,1,1,DOWN,5,1,1
14:50:34,RIGHT,24,4,28.05505151,43.36203234,563.8452716,LOW,9,1,1,DOWN,6,1,1,DOWN,5,1,1
14:51:04,RIGHT,22,4,27.11650513,42.92269752,561.7131268,LOW,9,0,1,DOWN,6,1,1,DOWN,5,1,1
14:51:34,RIGHT,23,5,26.56386849,43.16031536,560.2437196,LOW,9,0,1,UP,7,1,1,DOWN,5,1,1
14:52:04,RIGHT,21,4,27.28979503,44.05448833,563.7723179,LOW,9,1,1,UP,7,1,1,DOWN,5,1,1
14:52:34,RIGHT,23,4,27.7277325,44.4625685,561.3697714,LOW,9,0,1,UP,7,1,1,DOWN,5,1,1
14:53:04,RIGHT,23,4,28.11552885,45.75441115,560.4682928,LOW,9,0,1,UP,7,1,1,DOWN,5,1,1
14:53:34,RIGHT,24,5,27.90350035,44.93629044,561.1465675,LOW,9,1,1,UP,7,1,1,DOWN,5,1,1
14:54:04,RIGHT,19,4,28.84536759,44.39388166,562.2237765,LOW,9,0,1,UP,7,1,1,DOWN,5,1,1
14:54:34,RIGHT,22,5,27.95594382,45.47199788,557.6015595,LOW,9,0,1,UP,7,1,1,DOWN,5,1,1
14:55:04,RIGHT,24,4,27.61897613,43.97098608,564.9143312,LOW,9,0,1,UP,7,1,1,DOWN,5,1,1
14:55:34,RIGHT,23,5,27.08099556,45.09054713,561.8533534,LOW,9,1,1,UP,7,1,1,DOWN,5,1,1
14:56:04,RIGHT,19,4,28.06935694,45.17197772,562.2228677,LOW,9,1,1,UP,7,1,1,UP,6,1,1
14:56:34,RIGHT,22,4,27.51873631,44.19941022,561.5267606,LOW,9,1,1,UP,7,1,1,UP,6,1,1
14:57:04,RIGHT,19,6,28.93674259,43.75363512,563.2421181,LOW,9,1,1,UP,7,1,1,UP,6,1,1
14:57:34,RIGHT,23,6,27.98628519,42.65857348,559.9156504,LOW,9,1,1,UP,7,1,1,UP,6,1,1
14:58:04,RIGHT,23,6,26.61471253,43.04800593,561.7065336,LOW,9,0,1,UP,7,1,1,UP,6,1,1
14:58:34,RIGHT,21,6,28.48214781,43.09177935,560.7264629,LOW,9,1,1,UP,7,1,1,UP,6,1,1
14:59:04,RIGHT,25,6,27.26243548,43.88778554,564.0340916,LOW,9,0,1,UP,7,1,1,UP,6,1,1
14:59:34,RIGHT,21,6,26.55506975,44.0464796,561.1748297,LOW,9,0,1,UP,7,1,1,UP,6,1,1
15:00:04,RIGHT,20,4,27.25026048,42.69585302,564.0003614,LOW,9,0,1,UP,7,1,1,UP,6,1,1
15:00:34,RIGHT,21,6,28.20238922,42.74814112,558.2168437,LOW,9,0,1,UP,7,1,1,UP,6,1,1
15:01:04,RIGHT,23,5,26.30152837,43.3127356,561.7732564,LOW,9,1,1,UP,7,1,1,UP,6,1,1
15:01:34,RIGHT,23,5,28.45706887,44.51441339,561.5867442,LOW,9,0,1,UP,7,1,1,UP,6,1,1
15:02:04,RIGHT,24,5,27.67014901,43.89450577,562.1751595,LOW,9,1,1,UP,7,1,1,UP,6,1,1
15:02:34,RIGHT,22,5,27.72366264,45.76828955,561.3916421,LOW,9,1,1,UP,7,1,1,UP,6,1,1
15:03:04,RIGHT,19,5,27.64020001,45.38994597,561.7671195,LOW,9,0,1,UP,7,1,1,UP,6,1,1
15:03:34,RIGHT,23,5,28.86129443,42.69588096,563.7253119,LOW,9,0,1,UP,7,1,1,UP,6,1,1
15:04:04,RIGHT,25,5,28.28359213,43.0897257,559.720438,LOW,9,0,1,UP,7,1,1,UP,6,1,1
15:04:34,RIGHT,20,4,27.68187259,44.71185851,563.0858979,LOW,9,1,1,UP,7,1,1,UP,6,1,1
15:05:04,RIGHT,21,6,28.05553388,42.77383227,560.4587828,LOW,9,0,1,UP,7,1,1,UP,6,1,1
15:05:34,RIGHT,18,6,28.09380489,44.24322179,560.5423995,LOW,9,0,1,UP,7,1,1,UP,6,1,1
15:06:04,RIGHT,23,4,27.08713258,43.01918717,559.0003632,LOW,9,0,1,UP,7,1,1,UP,6,1,1
15:06:34,RIGHT,21,5,27.46690476,42.56698461,558.8403885,LOW,9,1,1,UP,7,1,1,UP,6,1,1
15:07:04,RIGHT,22,5,28.54010119,45.65850815,558.4646711,LOW,9,0,1,UP,7,1,1,UP,6,1,1
15:07:34,RIGHT,20,6,27.85252384,43.17846975,558.4649795,LOW,9,0,1,UP,7,1,1,UP,6,1,1
15:08:04,RIGHT,19,5,28.46618962,43.18499121,561.9957515,LOW,9,1,1,UP,7,1,1,UP,6,1,1
15:08:34,RIGHT,19,5,27.15682046,44.72964452,565.5004972,LOW,9,0,1,UP,7,1,1,UP,6,1,1
15:09:04,RIGHT,22,4,27.28436447,45.85189574,562.7238859,LOW,9,1,1,UP,7,1,1,UP,6,1,1
15:09:34,RIGHT,25,5,27.68867378,42.99825513,560.3792445,LOW,9,0,1,UP,7,1,1,UP,6,1,1
15:10:04,RIGHT,21,5,28.14004676,43.79083334,560.5445401,LOW,9,0,1,UP,7,1,1,UP,6,1,1
15:10:34,RIGHT,22,5,26.99092099,44.801717,558.2475781,LOW,9,1,1,UP,7,1,1,UP,6,1,1
15:11:04,RIGHT,20,6,28.72012483,44.82292026,560.9218841,LOW,9,0,1,UP,7,1,1,UP,6,1,1
15:11:34,RIGHT,22,5,28.69354228,44.27394647,559.4732387,LOW,9,1,1,UP,7,1,1,UP,6,1,1
15:12:04,RIGHT,24,6,26.47807857,43.37732786,563.4388689,LOW,9,1,1,UP,7,1,1,UP,6,1,1
15:12:34,RIGHT,20,6,27.41656218,43.35143169,562.4894072,LOW,9,1,1,UP,7,1,1,UP,6,1,1
15:13:04,RIGHT,22,4,27.70863155,45.06800394,562.361198,LOW,9,0,1,UP,7,1,1,UP,6,1,1
15:13:34,RIGHT,21,4,26.5285919,43.90931063,561.5106988,LOW,9,1,1,UP,7,1,1,UP,6,1,1
15:14:04,RIGHT,22,5,28.18660176,43.24528247,562.6635453,LOW,9,1,1,UP,7,1,1,UP,6,1,1
15:14:34,RIGHT,21,5,27.5050347,44.06912405,562.5435459,LOW,9,1,1,UP,7,1,1,UP,6,1,1
15:15:04,LEFT,18,4,28.41703095,44.6109996,560.2871738,LOW,9,1,1,UP,7,1,1,UP,6,1,1
15:15:34,LEFT,21,6,26.54041581,45.04821811,559.016331,LOW,9,0,1,UP,7,1,1,UP,6,1,1
15:16:04,LEFT,22,6,27.35777204,44.99475504,560.7238754,LOW,9,0,1,UP,7,1,1,UP,6,1,1
15:16:34,LEFT,21,5,27.84940038,44.95046954,562.4446018,LOW,9,1,1,UP,7,1,1,UP,6,1,1
15:17:04,LEFT,20,5,27.34734143,43.00442086,564.8673923,LOW,9,1,1,UP,7,1,1,UP,6,1,1
15:17:34,LEFT,23,6,27.9748203,44.62816777,563.2487092,LOW,9,0,1,UP,7,1,1,UP,6,1,1
15:18:04,LEFT,18,4,27.15259227,44.24506366,565.4990569,LOW,9,0,1,UP,7,1,1,UP,6,1,1
15:18:34,LEFT,21,5,27.61880371,44.56860033,563.0139054,LOW,9,0,1,UP,7,1,1,UP,6,1,1
15:19:04,LEFT,20,5,28.34455486,44.8768091,562.9416593,LOW,9,0,1,UP,7,1,1,UP,6,1,1
15:19:34,LEFT,22,5,27.30501122,43.28293979,559.8848699,LOW,9,1,1,UP,7,1,1,UP,6,1,1
15:20:04,LEFT,22,4,27.60784082,44.14272225,563.5898061,LOW,9,1,1,UP,7,1,1,UP,6,1,1
15:20:34,LEFT,18,4,28.28045281,43.86462627,563.0902927,LOW,9,0,1,UP,7,1,1,UP,6,1,1
15:21:04,LEFT,24,4,28.28441637,43.60328897,561.545908,LOW,9,1,1,UP,7,1,1,UP,6,1,1
15:21:34,LEFT,23,4,26.83199812,45.97626877,558.9383765,LOW,9,0,1,UP,7,1,1,UP,6,1,1
15:22:04,LEFT,22,4,26.97347737,42.90772266,560.0151108,LOW,9,1,1,UP,7,1,1,UP,6,1,1
15:22:34,RIGHT,25,4,27.1726032,43.37892195,557.8116776,LOW,9,1,1,UP,7,1,1,UP,6,1,1
15:23:04,RIGHT,24,5,26.43820979,44.47021791,559.0955686,LOW,9,1,1,UP,7,1,1,UP,6,1,1
15:23:34,RIGHT,20,5,26.97132524,44.92135026,560.0216735,LOW,9,0,1,UP,7,1,1,UP,6,1,1
15:24:04,RIGHT,23,4,27.41571804,44.01916307,561.4945413,LOW,9,0,1,UP,7,1,1,UP,6,1,1
15:24:34,RIGHT,19,5,28.10197923,43.99928218,564.1366542,LOW,9,0,1,UP,7,1,1,UP,6,1,1
15:25:04,RIGHT,22,4,27.85087416,44.43425279,562.0054281,LOW,9,0,1,UP,7,1,1,UP,6,1,1
15:25:34,RIGHT,19,4,28.10056462,44.39438461,563.6359293,LOW,9,0,1,UP,7,1,1,UP,6,1,1
15:26:04,RIGHT,21,4,27.24763452,43.13812524,557.7352325,LOW,9,1,1,UP,7,1,1,UP,6,1,1
15:26:34,RIGHT,21,5,27.39914478,43.41089578,563.6921089,LOW,9,1,1,UP,7,1,1,UP,6,1,1
15:27:04,RIGHT,22,19,27.72402583,43.03136141,559.3600081,LOW,9,0,1,UP,7,1,1,UP,6,1,1
15:27:34,RIGHT,21,14,27.78893518,45.45614693,564.1168876,LOW,9,0,1,UP,7,1,1,UP,6,1,1
15:28:04,RIGHT,21,15,27.30181492,44.81257539,561.1952664,LOW,9,1,1,UP,7,1,1,UP,6,1,1
15:28:34,RIGHT,22,14,28.62327057,42.3974626,563.4323385,LOW,9,1,1,DOWN,8,1,1,UP,6,1,1
15:29:04,RIGHT,25,18,27.41989798,44.96853675,559.8813495,LOW,9,1,1,DOWN,8,1,1,UP,6,1,1
15:29:34,RIGHT,24,18,27.74345526,44.13294615,563.4658453,LOW,9,1,1,DOWN,8,1,1,UP,6,1,1
15:30:04,RIGHT,18,20,27.56129883,44.7824546,564.6923698,LOW,9,1,1,DOWN,8,1,1,UP,6,1,1
15:30:34,RIGHT,21,15,28.13952844,43.85626772,561.1409099,LOW,9,0,1,DOWN,8,1,1,UP,6,1,1
15:31:04,RIGHT,23,19,26.30260686,43.34248927,562.7382523,LOW,9,0,1,DOWN,8,1,1,UP,6,1,1
15:31:34,RIGHT,19,19,28.11984458,44.87706407,560.1637779,LOW,9,1,1,DOWN,8,1,1,UP,6,1,1
15:32:04,RIGHT,22,15,28.70360242,45.00605424,559.8272403,LOW,9,0,1,DOWN,8,1,1,UP,6,1,1
15:32:34,RIGHT,24,19,26.54110046,43.16955465,563.0447021,LOW,9,1,1,DOWN,8,1,1,UP,6,1,1
15:33:04,RIGHT,23,20,27.17204142,45.30965704,561.094818,LOW,9,1,1,DOWN,8,1,1,UP,6,1,1
15:33:34,RIGHT,21,17,28.8284746,42.98757249,561.2003832,LOW,9,0,1,DOWN,8,1,1,UP,6,1,1
15:34:04,RIGHT,21,17,27.00650236,43.08505559,558.4449301,LOW,9,1,1,DOWN,8,1,1,UP,6,1,1
15:34:34,RIGHT,21,14,26.87432925,45.19488129,564.0818055,LOW,9,1,1,DOWN,8,1,1,UP,6,1,1
15:35:04,RIGHT,19,20,26.97242592,43.48980601,558.1867745,LOW,9,1,1,DOWN,8,1,1,UP,6,1,1
15:35:34,RIGHT,21,17,28.22079787,45.00494294,563.030368,LOW,9,1,1,DOWN,8,1,1,UP,6,1,1
15:36:04,RIGHT,23,17,27.76931757,44.15999426,559.9329562,LOW,9,1,1,DOWN,8,1,1,UP,6,1,1
15:36:34,RIGHT,21,18,27.68639085,42.38799102,565.9240825,LOW,9,1,1,DOWN,8,1,1,UP,6,1,1
15:37:04,RIGHT,25,16,26.6722363,44.89914243,559.2399509,LOW,9,1,1,DOWN,8,1,1,UP,6,1,1
15:37:34,RIGHT,25,17,26.79261405,44.20434045,558.1759749,LOW,9,0,1,DOWN,8,1,1,UP,6,1,1
15:38:04,RIGHT,22,16,28.60062557,44.45397422,560.1074844,LOW,9,1,1,DOWN,8,1,1,UP,6,1,1
15:38:34,RIGHT,21,20,27.02252694,43.49327075,561.1362516,LOW,9,1,1,DOWN,8,1,1,UP,6,1,1
15:39:04,RIGHT,20,18,27.01943374,43.39763083,562.3227257,LOW,9,1,1,DOWN,8,1,1,UP,6,1,1
15:39:34,RIGHT,21,21,28.2630557,43.24039965,564.9121961,LOW,9,0,1,DOWN,8,1,1,UP,6,1,1
15:40:04,RIGHT,24,19,28.67030867,43.94036292,565.3666152,LOW,9,0,1,DOWN,8,1,1,UP,6,1,1
15:40:34,RIGHT,20,14,27.60642872,45.39271761,562.5066802,LOW,9,1,1,DOWN,8,1,1,UP,6,1,1
15:41:04,RIGHT,22,15,28.60082709,45.06229485,561.6436706,LOW,9,1,1,DOWN,8,1,1,UP,6,1,1
15:41:34,RIGHT,19,18,28.32514703,43.5357119,563.978434,LOW,9,1,1,DOWN,8,1,1,UP,6,1,1
15:42:04,RIGHT,22,18,26.35250953,44.10870453,561.5517372,LOW,9,0,1,DOWN,8,1,1,UP,6,1,1
15:42:34,RIGHT,24,17,28.86007937,42.79539013,560.8383494,LOW,9,1,1,DOWN,8,1,1,UP,6,1,1
15:43:04,RIGHT,20,18,26.89777246,44.14430491,565.6620873,LOW,9,1,1,DOWN,8,1,1,UP,6,1,1
15:43:34,RIGHT,23,19,27.51143316,44.73326894,561.4865485,LOW,9,0,1,DOWN,8,1,1,UP,6,1,1
15:44:04,RIGHT,21,18,28.33308148,43.97830504,562.6692671,LOW,9,0,1,DOWN,8,1,1,UP,6,1,1
15:44:34,RIGHT,22,16,27.45590444,43.53209355,560.5312877,LOW,9,1,1,DOWN,8,1,1,UP,6,1,1
15:45:04,RIGHT,25,17,27.67721738,45.51061972,564.1930612,LOW,9,1,1,DOWN,8,1,1,UP,6,1,1
15:45:34,RIGHT,18,15,27.07213122,42.80969901,563.3622386,LOW,9,1,1,DOWN,8,1,1,UP,6,1,1
15:46:04,RIGHT,23,15,28.17506831,44.95982885,559.3421633,LOW,9,1,1,DOWN,8,1,1,UP,6,1,1
15:46:34,RIGHT,22,15,28.16367613,42.9819064,558.4852476,LOW,9,0,1,DOWN,8,1,1,UP,6,1,1
15:47:04,RIGHT,20,15,26.64263289,45.186625,560.0399948,LOW,9,1,1,DOWN,8,1,1,UP,6,1,1
15:47:34,RIGHT,21,15,27.55309495,45.03558889,557.4185588,LOW,9,1,1,DOWN,8,1,1,UP,6,1,1
15:48:04,RIGHT,21,18,27.67154822,44.70948614,561.4813779,LOW,9,0,1,DOWN,8,1,1,UP,6,1,1
15:48:34,RIGHT,21,20,27.99267709,43.64118191,562.9811045,LOW,9,1,1,DOWN,8,1,1,UP,6,1,1
15:49:04,RIGHT,21,18,28.22572041,42.32197277,563.125309,LOW,9,0,1,DOWN,8,1,1,UP,6,1,1
15:49:34,RIGHT,22,20,27.74956014,43.65655553,561.2504023,LOW,9,0,1,DOWN,8,1,1,UP,6,1,1
15:50:04,RIGHT,20,17,26.4823481,45.31469772,562.656394,LOW,9,1,1,DOWN,8,1,1,UP,6,1,1
15:50:34,RIGHT,20,21,27.21577622,43.44372217,559.4988346,LOW,9,1,1,DOWN,8,1,1,UP,6,1,1
15:51:04,RIGHT,19,19,27.79830342,44.40562086,559.0421025,LOW,9,0,1,DOWN,8,1,1,UP,6,1,1
15:51:34,RIGHT,23,16,27.51860234,43.6209632,560.616951,LOW,9,1,1,DOWN,8,1,1,UP,6,1,1
15:52:04,RIGHT,23,19,28.935968,43.64776171,563.7016727,LOW,9,1,1,DOWN,8,1,1,UP,6,1,1
15:52:34,RIGHT,20,21,28.73713504,42.7132567,565.018219,LOW,9,0,1,DOWN,8,1,1,UP,6,1,1
15:53:04,RIGHT,21,17,26.75813398,45.26196448,560.3959178,LOW,9,1,1,DOWN,8,1,1,UP,6,1,1
15:53:34,RIGHT,21,14,26.90237701,43.66738962,559.2022948,LOW,9,0,1,DOWN,8,1,1,UP,6,1,1
15:54:04,RIGHT,19,19,28.43325762,43.12906041,560.8003376,LOW,9,1,1,DOWN,8,1,1,UP,6,1,1
15:54:34,RIGHT,18,15,26.37460482,43.61691141,561.1009437,LOW,9,0,1,DOWN,8,1,1,UP,6,1,1
15:55:04,RIGHT,20,17,27.13112989,45.0904509,562.4764738,LOW,9,1,1,DOWN,8,1,1,UP,6,1,1
15:55:34,RIGHT,20,15,28.67921703,43.80550999,560.992702,LOW,9,1,1,DOWN,8,1,1,UP,6,1,1
15:56:04,RIGHT,22,17,27.37869107,43.8974728,558.3764107,LOW,9,1,1,DOWN,8,1,1,UP,6,1,1
15:56:34,RIGHT,25,16,28.72779761,44.05249778,557.8427315,LOW,9,1,1,DOWN,8,1,1,UP,6,1,1
15:57:04,RIGHT,19,19,28.5430731,44.0009854,557.3061328,LOW,9,1,1,DOWN,8,1,1,UP,6,1,1
15:57:34,RIGHT,24,14,28.00929405,44.30900031,564.1174393,LOW,9,0,1,DOWN,8,1,1,UP,6,1,1
15:58:04,RIGHT,24,16,27.60971545,44.6055383,560.4435173,LOW,9,0,1,DOWN,8,1,1,UP,6,1,1
15:58:34,RIGHT,21,21,28.92593358,43.06907889,559.1534357,LOW,9,1,1,DOWN,8,1,1,UP,6,1,1
15:59:04,RIGHT,23,15,26.77392604,44.37275879,559.4251195,LOW,9,0,1,DOWN,8,1,1,UP,6,1,1
15:59:34,RIGHT,22,16,27.43173064,44.6123228,561.498394,LOW,9,0,1,DOWN,8,1,1,UP,6,1,1
16:00:04,RIGHT,24,21,27.35605897,43.64695673,561.8390766,LOW,9,0,1,DOWN,8,1,1,UP,6,1,1
16:00:34,RIGHT,23,16,28.31432085,45.56979565,561.6889615,LOW,9,0,1,DOWN,8,1,1,UP,6,1,1
16:01:04,RIGHT,20,14,26.9813047,45.02752825,561.8929484,LOW,9,1,1,DOWN,8,1,1,UP,6,1,1
16:01:34,RIGHT,24,18,27.40082095,44.6197976,565.1516087,LOW,9,1,1,DOWN,8,1,1,UP,6,1,1
16:02:04,RIGHT,21,16,27.73835733,42.77458953,559.8037875,LOW,9,1,1,DOWN,8,1,1,UP,6,1,1
16:02:34,RIGHT,25,15,27.44223191,45.93188732,560.0478797,LOW,9,0,1,DOWN,8,1,1,UP,6,1,1
16:03:04,RIGHT,22,16,27.21731943,43.38147792,559.5101557,LOW,9,0,1,DOWN,8,1,1,UP,6,1,1
16:03:34,RIGHT,23,20,27.75228313,43.47252103,559.535972,LOW,9,0,1,DOWN,8,1,1,UP,6,1,1
16:04:04,RIGHT,21,16,27.70869449,45.34917948,563.7072161,LOW,9,1,1,DOWN,8,1,1,UP,6,1,1
16:04:34,RIGHT,22,18,27.84993019,45.0705979,559.6235866,LOW,9,1,1,DOWN,8,1,1,UP,6,1,1
16:05:04,RIGHT,23,19,27.26736645,44.15687667,563.5277413,LOW,9,0,1,DOWN,8,1,1,UP,6,1,1
16:05:34,RIGHT,23,17,26.78442434,43.42666911,558.0381202,LOW,9,0,1,DOWN,8,1,1,UP,6,1,1
16:06:04,RIGHT,21,18,27.1409979,44.58644967,563.7016089,LOW,9,1,1,DOWN,8,1,1,UP,6,1,1
16:06:34,RIGHT,24,20,27.94910338,42.40946383,562.4906679,LOW,9,0,1,DOWN,8,1,1,UP,6,1,1
16:07:04,RIGHT,23,18,27.03786074,43.389156,562.4515895,LOW,9,1,1,DOWN,8,1,1,UP,6,1,1
16:07:34,RIGHT,22,20,28.13953859,42.86924362,560.7536925,LOW,9,0,1,DOWN,8,1,1,UP,6,1,1
16:08:04,RIGHT,21,19,28.6265542,44.1815312,562.5632196,LOW,9,1,1,DOWN,8,1,1,UP,6,1,1
16:08:34,RIGHT,25,15,27.82376826,45.24637231,564.7128351,LOW,9,1,1,DOWN,8,1,1,UP,6,1,1
16:09:04,RIGHT,24,17,27.52757029,42.94874288,563.1935412,LOW,9,1,1,DOWN,8,1,1,UP,6,1,1
16:09:34,RIGHT,25,17,27.09306812,44.6581198,561.1885094,LOW,9,0,1,DOWN,8,1,1,UP,6,1,1
16:10:04,RIGHT,22,16,27.70669927,45.59942756,561.5402952,LOW,9,0,1,DOWN,8,1,1,UP,6,1,1
16:10:34,RIGHT,22,17,27.93410757,44.86076153,560.5172575,LOW,9,0,1,DOWN,8,1,1,UP,6,1,1
16:11:04,RIGHT,22,20,28.84731085,44.54562684,560.9624016,LOW,9,1,1,DOWN,8,1,1,UP,6,1,1
16:11:34,RIGHT,24,19,28.3306346,44.22598835,559.0133821,LOW,9,1,1,DOWN,8,1,1,UP,6,1,1
16:12:04,RIGHT,19,17,27.34458779,43.59282872,562.7382101,LOW,9,0,1,DOWN,8,1,1,UP,6,1,1
16:12:34,RIGHT,21,17,27.7481189,44.00388205,557.0602662,LOW,9,0,1,DOWN,8,1,1,UP,6,1,1
16:13:04,RIGHT,24,18,27.07423102,45.41299537,563.3255751,LOW,9,0,1,DOWN,8,1,1,UP,6,1,1
16:13:34,RIGHT,21,19,28.06423165,43.73834063,562.5951027,LOW,9,0,1,DOWN,8,1,1,UP,6,1,1
16:14:04,RIGHT,25,14,27.31303815,44.07879945,559.430382,LOW,9,1,1,DOWN,8,1,1,UP,6,1,1
16:14:34,RIGHT,24,20,28.56936465,44.75512845,565.2788884,LOW,9,1,1,DOWN,8,1,1,UP,6,1,1
16:15:04,RIGHT,20,14,27.79754068,44.0936764,564.6915239,LOW,9,1,1,DOWN,8,1,1,UP,6,1,1
16:15:34,RIGHT,24,15,28.80101176,43.80915449,563.138403,LOW,9,1,1,DOWN,8,1,1,UP,6,1,1
16:16:04,RIGHT,25,15,28.77848906,43.76550039,558.2161887,LOW,9,0,1,DOWN,8,1,1,UP,6,1,1
16:16:34,RIGHT,22,19,27.58592735,45.65213959,562.8374018,LOW,9,1,1,DOWN,8,1,1,UP,6,1,1
16:17:04,LEFT,20,19,28.13736417,45.49185253,559.6218286,LOW,9,1,1,DOWN,8,1,1,UP,6,1,1
16:17:34,LEFT,20,16,28.58415479,44.88825425,561.7312161,LOW,9,1,1,DOWN,8,1,1,UP,6,1,1
16:18:04,LEFT,22,18,27.80323913,45.66305511,558.2228846,LOW,9,0,1,DOWN,8,1,1,UP,6,1,1
16:18:34,LEFT,22,17,28.74105925,44.66859375,558.5002476,LOW,9,1,1,DOWN,8,1,1,UP,6,1,1
16:19:04,LEFT,24,18,27.36873244,43.33245282,562.2057753,LOW,9,1,1,DOWN,8,1,1,UP,6,1,1
16:19:34,LEFT,25,16,26.96596607,44.30407332,563.3424238,LOW,9,1,1,DOWN,8,1,1,UP,6,1,1
16:20:04,LEFT,22,17,27.99846388,45.65554823,559.7012957,LOW,9,1,1,DOWN,8,1,1,UP,6,1,1
16:20:34,LEFT,21,18,27.08658472,43.22082587,563.5827163,LOW,9,0,1,DOWN,8,1,1,UP,6,1,1
16:21:04,LEFT,21,20,27.48365514,43.20745367,560.4432676,LOW,9,1,1,DOWN,8,1,1,UP,6,1,1
16:21:34,LEFT,19,18,27.05961279,45.37925541,562.8600192,LOW,9,0,1,DOWN,8,1,1,UP,6,1,1
16:22:04,LEFT,21,20,27.21058509,42.30112885,562.9716499,LOW,9,1,1,DOWN,8,1,1,UP,6,1,1
16:22:34,LEFT,18,19,28.52339302,43.91806783,563.0154289,LOW,9,1,1,DOWN,8,1,1,UP,6,1,1
16:23:04,LEFT,23,19,27.79634993,43.47438377,562.694579,LOW,9,1,1,DOWN,8,1,1,UP,6,1,1
16:23:34,LEFT,25,18,27.36767035,42.14589856,561.3006908,LOW,9,1,1,DOWN,8,1,1,UP,6,1,1
16:24:04,LEFT,20,19,28.00083783,45.71720033,559.4109193,LOW,9,0,1,DOWN,8,1,1,UP,6,1,1
16:24:34,LEFT,22,19,27.05779201,44.67188387,563.7605556,LOW,9,0,1,DOWN,8,1,1,UP,6,1,1
16:25:04,LEFT,20,17,27.76582824,44.24513919,560.2641449,LOW,9,0,1,DOWN,8,1,1,UP,6,1,1
16:25:34,LEFT,22,21,26.753443,45.52055605,563.9442862,LOW,9,1,1,DOWN,8,1,1,UP,6,1,1
16:26:04,LEFT,19,20,26.15323244,44.64628286,560.1546448,LOW,9,0,1,DOWN,8,1,1,UP,6,1,1
16:26:34,LEFT,22,21,26.95875699,45.11385089,563.4290243,LOW,9,0,1,DOWN,8,1,1,UP,6,1,1
16:27:04,LEFT,24,17,26.93630801,43.41086896,564.8719726,LOW,9,0,1,DOWN,8,1,1,UP,6,1,1
16:27:34,LEFT,18,19,26.3600278,43.49365788,564.8486862,LOW,9,0,1,DOWN,8,1,1,UP,6,1,1
16:28:04,LEFT,22,16,27.06963194,44.45489625,562.6362463,LOW,9,1,1,DOWN,8,1,1,UP,6,1,1
16:28:34,LEFT,21,20,28.39099576,44.09679606,563.6057046,LOW,9,0,1,DOWN,8,1,1,UP,6,1,1
16:29:04,LEFT,21,19,27.74695183,44.22981661,563.4692323,LOW,9,1,1,DOWN,8,1,1,UP,6,1,1
16:29:34,LEFT,23,16,27.12652927,42.94706921,561.1510034,LOW,9,1,1,DOWN,8,1,1,UP,6,1,1
16:30:04,LEFT,20,16,28.11645591,43.48859206,559.2222252,LOW,9,0,1,DOWN,8,1,1,UP,6,1,1
16:30:34,LEFT,21,17,26.64424128,44.09814755,558.7106305,LOW,9,1,1,DOWN,8,1,1,UP,6,1,1
16:31:04,LEFT,23,19,28.3142759,44.26122963,560.2268523,LOW,9,0,1,DOWN,8,1,1,UP,6,1,1
16:31:34,LEFT,24,20,27.84941672,43.0119465,558.7344483,LOW,9,0,1,DOWN,8,1,1,UP,6,1,1
16:32:04,LEFT,23,15,28.21792606,43.8277412,563.1580666,LOW,9,0,1,DOWN,8,1,1,UP,6,1,1
16:32:34,LEFT,21,16,28.43433028,42.91758894,560.5888987,LOW,9,1,1,DOWN,8,1,1,UP,6,1,1
16:33:04,LEFT,22,17,27.82733259,44.11230918,562.7905324,LOW,9,1,1,DOWN,8,1,1,UP,6,1,1
16:33:34,LEFT,21,17,27.42557431,44.90576978,561.409635,LOW,9,1,1,DOWN,8,1,1,UP,6,1,1
16:34:04,LEFT,22,14,26.7059737,45.2473923,557.7812633,LOW,9,0,1,DOWN,8,1,1,UP,6,1,1
16:34:34,LEFT,23,18,28.03314511,44.82827578,557.0140226,LOW,9,0,1,DOWN,8,1,1,UP,6,1,1
16:35:04,LEFT,21,16,27.52872203,43.28283975,560.0139798,LOW,9,0,1,DOWN,8,1,1,UP,6,1,1
16:35:34,LEFT,22,18,28.25823219,45.9364966,563.1669052,HIGH,9,1,1,DOWN,8,1,1,UP,6,1,1
16:36:04,LEFT,21,20,28.54537436,44.92284603,565.7231613,HIGH,9,1,1,DOWN,8,1,1,UP,6,1,1
16:36:34,LEFT,23,15,27.66533254,45.22124043,561.323021,HIGH,9,0,1,DOWN,8,1,1,UP,6,1,1
16:37:04,LEFT,19,15,27.34853779,44.06281144,564.6647616,HIGH,9,1,1,DOWN,8,1,1,DOWN,7,1,1
16:37:34,LEFT,24,18,28.82841794,43.72774003,562.8860976,HIGH,9,0,1,DOWN,8,1,1,DOWN,7,1,1
16:38:04,LEFT,20,14,28.22724206,45.10382714,557.2773148,HIGH,9,1,1,DOWN,8,1,1,DOWN,7,1,1
16:38:34,LEFT,22,15,26.23645102,44.56304146,560.1977652,HIGH,9,1,1,DOWN,8,1,1,DOWN,7,1,1
16:39:04,LEFT,23,20,27.66177195,45.09217635,560.644681,LOW,9,0,1,DOWN,8,1,1,DOWN,7,1,1
16:39:34,LEFT,20,15,28.60235795,43.36165765,559.5821293,LOW,9,1,1,DOWN,8,1,1,DOWN,7,1,1
16:40:04,LEFT,20,14,26.6598962,45.44626587,562.4513799,LOW,9,1,1,DOWN,8,1,1,DOWN,7,1,1
16:40:34,LEFT,22,14,28.32012875,44.75994644,562.7112653,LOW,9,0,1,DOWN,8,1,1,DOWN,7,1,1
16:41:04,LEFT,4,15,27.35000502,42.48380165,559.9344038,LOW,9,0,1,DOWN,8,1,1,DOWN,7,1,1
16:41:34,LEFT,7,20,27.9484395,45.13794412,560.7461648,LOW,9,0,1,DOWN,8,1,1,DOWN,7,1,1
16:42:04,LEFT,5,18,27.54119558,45.07989895,563.8549569,LOW,9,1,1,DOWN,8,1,1,DOWN,7,1,1
16:42:34,LEFT,7,16,27.81951001,43.75187097,565.8032169,LOW,9,0,1,DOWN,8,1,1,DOWN,7,1,1
16:43:04,LEFT,6,16,27.71841174,44.58883361,559.9165947,LOW,9,0,1,DOWN,8,1,1,DOWN,7,1,1
16:43:34,LEFT,6,15,27.91318016,45.50306783,560.6100508,LOW,9,1,1,DOWN,8,1,1,DOWN,7,1,1
16:44:04,LEFT,4,21,27.32067553,42.04965723,561.9491257,LOW,9,1,1,UP,9,1,1,DOWN,7,1,1
16:44:34,LEFT,7,16,27.44835116,45.80311531,563.3008883,LOW,9,0,1,UP,9,1,1,DOWN,7,1,1
16:45:04,LEFT,7,16,28.33497753,42.9085778,563.3237335,LOW,9,1,1,UP,9,1,1,DOWN,7,1,1
16:45:34,LEFT,6,16,27.07830378,43.304026,561.8102113,LOW,9,0,1,UP,9,1,1,DOWN,7,1,1
16:46:04,LEFT,7,21,28.35441914,43.09187443,558.7605124,LOW,9,0,1,UP,9,1,1,DOWN,7,1,1
16:46:34,LEFT,5,21,27.67319318,44.27503165,563.0490571,LOW,9,1,1,UP,9,1,1,DOWN,7,1,1
16:47:04,LEFT,7,20,27.01536328,44.02380377,557.0391612,LOW,9,1,1,UP,9,1,1,DOWN,7,1,1
16:47:34,LEFT,6,16,27.51814874,44.65255686,561.5451968,LOW,9,0,1,UP,9,1,1,DOWN,7,1,1
16:48:04,LEFT,4,17,27.20223653,45.45991828,558.2203421,LOW,9,1,1,UP,9,1,1,DOWN,7,1,1
16:48:34,LEFT,4,19,27.06885122,44.75597465,561.730739,LOW,9,0,1,UP,9,1,1,DOWN,7,1,1
16:49:04,LEFT,4,18,27.03025381,45.13336851,563.1642571,LOW,9,1,1,UP,9,1,1,DOWN,7,1,1
16:49:34,LEFT,5,16,26.88303276,45.43901764,562.0951688,LOW,9,1,1,UP,9,1,1,DOWN,7,1,1
16:50:04,LEFT,4,20,27.79529061,44.00769899,561.697588,LOW,9,0,1,UP,9,1,1,DOWN,7,1,1
16:50:34,LEFT,7,4,28.22406432,44.87677446,558.4824796,LOW,9,1,1,UP,9,1,1,DOWN,7,1,1
16:51:04,LEFT,4,4,27.19899921,44.01600785,559.9406375,LOW,9,0,1,UP,9,1,1,DOWN,7,1,1
16:51:34,LEFT,5,4,28.75021742,44.33697041,562.1767138,LOW,9,0,1,UP,9,1,1,DOWN,7,1,1
16:52:04,LEFT,5,4,26.9933397,43.55960018,559.8681766,LOW,9,0,1,UP,9,1,1,DOWN,7,1,1
16:52:34,LEFT,7,6,27.84615759,43.7514319,563.0613751,LOW,9,0,1,UP,9,1,1,DOWN,7,1,1
16:53:04,LEFT,6,4,26.85471422,43.20744512,557.8411747,LOW,9,0,1,UP,9,1,1,DOWN,7,1,1
16:53:34,LEFT,4,4,27.26481007,42.2601141,562.2092352,LOW,9,0,1,UP,9,1,1,DOWN,7,1,1
16:54:04,LEFT,5,4,26.87689981,45.25368407,563.7665834,LOW,9,1,1,UP,9,1,1,DOWN,7,1,1
16:54:34,LEFT,6,4,27.33330373,45.26932157,561.8070313,LOW,9,1,1,UP,9,1,1,DOWN,7,1,1
16:55:04,LEFT,7,4,28.04992381,44.31258653,561.4883566,LOW,9,1,1,UP,9,1,1,DOWN,7,1,1
16:55:34,LEFT,4,6,26.94461349,43.07418465,559.3698885,LOW,9,0,1,UP,9,1,1,DOWN,7,1,1
16:56:04,LEFT,7,4,26.67262738,45.66688882,560.9868872,LOW,9,0,1,UP,9,1,1,DOWN,7,1,1
16:56:34,LEFT,6,4,27.23714593,44.77565726,560.5695411,LOW,9,0,1,UP,9,1,1,DOWN,7,1,1
16:57:04,LEFT,5,5,27.99360593,43.47758888,559.6877771,LOW,9,0,1,UP,9,1,1,DOWN,7,1,1
16:57:34,LEFT,4,5,27.5034752,44.55902931,561.7615194,LOW,9,0,1,UP,9,1,1,DOWN,7,1,1
16:58:04,LEFT,7,6,28.69841873,44.73474056,560.1640528,LOW,9,1,1,UP,9,1,1,DOWN,7,1,1
16:58:34,LEFT,7,4,27.71527817,44.72827401,563.0977459,LOW,9,0,1,UP,9,1,1,DOWN,7,1,1
16:59:04,LEFT,4,6,27.52682,44.04545085,560.2751873,LOW,9,0,1,UP,9,1,1,DOWN,7,1,1
16:59:34,LEFT,4,5,28.1380492,43.25382743,560.1827347,LOW,9,0,1,UP,9,1,1,DOWN,7,1,1
17:00:04,LEFT,6,5,26.97269249,43.87842665,560.697427,LOW,9,1,1,UP,9,1,1,DOWN,7,1,1
17:00:34,LEFT,6,6,26.49803926,43.21229276,558.5716201,LOW,9,0,1,UP,9,1,1,DOWN,7,1,1
17:01:04,LEFT,5,4,27.19377344,44.93175873,558.9588914,LOW,9,0,1,UP,9,1,1,DOWN,7,1,1
17:01:34,LEFT,5,5,26.8992724,43.50642479,559.9825703,LOW,9,1,1,UP,9,1,1,DOWN,7,1,1
17:02:04,LEFT,5,5,26.39214776,44.19060611,558.9307798,LOW,9,0,1,UP,9,1,1,DOWN,7,1,1
17:02:34,LEFT,4,6,28.64559015,43.20534989,560.824345,LOW,9,1,1,UP,9,1,1,DOWN,7,1,1
17:03:04,LEFT,5,4,28.5843544,44.8281374,557.0646783,LOW,9,0,1,UP,9,1,1,DOWN,7,1,1
17:03:34,LEFT,5,6,26.44392814,43.76509859,560.4995383,LOW,9,1,1,UP,9,1,1,DOWN,7,1,1
17:04:04,LEFT,6,6,27.42302193,43.43736884,560.5541296,LOW,9,0,1,UP,9,1,1,DOWN,7,1,1
17:04:34,LEFT,6,4,27.65988049,45.08105237,564.9025761,LOW,9,0,1,UP,9,1,1,DOWN,7,1,1
17:05:04,LEFT,5,4,28.21009388,45.75203402,564.9987271,LOW,9,1,1,UP,9,1,1,DOWN,7,1,1
17:05:34,LEFT,7,6,28.0186588,44.25734409,562.9965215,LOW,9,1,1,UP,9,1,1,DOWN,7,1,1
17:06:04,LEFT,4,6,28.53849032,43.74207545,557.5510603,LOW,9,0,1,UP,9,1,1,DOWN,7,1,1
17:06:34,LEFT,4,4,26.60283243,45.08196466,561.2866585,LOW,9,1,1,UP,9,1,1,DOWN,7,1,1
17:07:04,LEFT,4,6,26.87257487,43.52412408,563.7857296,LOW,9,1,1,UP,9,1,1,DOWN,7,1,1
17:07:34,LEFT,5,4,27.60537906,44.50371363,564.0326606,LOW,9,1,1,UP,9,1,1,DOWN,7,1,1
17:08:04,LEFT,6,5,27.80943485,45.261026,561.5036947,LOW,9,1,1,UP,9,1,1,DOWN,7,1,1
17:08:34,LEFT,7,4,27.08084312,45.04705971,562.1191071,LOW,9,0,1,UP,9,1,1,DOWN,7,1,1
17:09:04,LEFT,6,6,28.65878075,43.8628749,561.4440581,LOW,9,0,1,UP,9,1,1,DOWN,7,1,1
17:09:34,LEFT,5,6,27.46649555,45.0864966,557.8813234,LOW,9,0,1,UP,9,1,1,DOWN,7,1,1
17:10:04,LEFT,4,5,28.07722672,45.53815493,562.7401299,LOW,9,0,1,UP,9,1,1,DOWN,7,1,1
17:10:34,LEFT,7,6,28.81490766,44.4853997,563.9932584,LOW,9,0,1,UP,9,1,1,DOWN,7,1,1
17:11:04,LEFT,7,6,27.30994444,43.62945605,561.1035277,LOW,9,1,1,UP,9,1,1,DOWN,7,1,1
17:11:34,LEFT,5,6,26.34518809,43.2573806,559.2776814,LOW,9,1,1,UP,9,1,1,DOWN,7,1,1
17:12:04,LEFT,4,4,27.84568935,45.39733236,563.5261933,LOW,9,1,1,UP,9,1,1,DOWN,7,1,1
17:12:34,LEFT,4,6,28.01198089,43.84217076,557.2162392,LOW,9,1,1,UP,9,1,1,DOWN,7,1,1
17:13:04,LEFT,6,5,27.98880678,44.47814459,561.9187767,LOW,9,1,1,UP,9,1,1,DOWN,7,1,1
17:13:34,LEFT,4,5,26.97823677,43.726712,563.1717782,LOW,9,0,1,UP,9,1,1,DOWN,7,1,1
17:14:04,LEFT,7,4,28.24761149,43.7910193,564.9921877,LOW,9,0,1,UP,9,1,1,DOWN,7,1,1
17:14:34,LEFT,4,4,27.67936541,43.93213566,559.3406331,LOW,9,0,1,UP,9,1,1,DOWN,7,1,1
17:15:04,LEFT,7,6,27.57014244,43.9301959,560.9351802,LOW,9,1,1,UP,9,1,1,DOWN,7,1,1
17:15:34,LEFT,4,4,27.71708342,42.64073491,560.0075313,LOW,9,1,1,UP,9,1,1,DOWN,7,1,1
17:16:04,LEFT,7,6,27.03763091,43.90186325,559.3794378,LOW,9,1,1,UP,9,1,1,DOWN,7,1,1
17:16:34,LEFT,4,5,27.66343618,44.93799952,562.8911552,LOW,9,0,1,UP,9,1,1,DOWN,7,1,1
17:17:04,LEFT,5,5,27.49881363,44.23614363,561.2379768,LOW,9,1,1,UP,9,1,1,DOWN,7,1,1
17:17:34,LEFT,4,4,26.53898623,45.25645924,560.2154155,LOW,9,0,1,UP,9,1,1,DOWN,7,1,1
17:18:04,LEFT,7,5,27.20584431,43.1452339,563.5244033,LOW,9,0,1,UP,9,1,1,DOWN,7,1,1
17:18:34,LEFT,7,6,28.58159055,42.96818342,561.7427811,LOW,9,1,1,UP,9,1,1,DOWN,7,1,1
17:19:04,LEFT,6,5,26.74717698,43.09741695,558.9390894,LOW,9,0,1,UP,9,1,1,DOWN,7,1,1
17:19:34,LEFT,4,5,28.32198111,45.76357296,564.5792855,LOW,9,0,1,UP,9,1,1,DOWN,7,1,1
17:20:04,LEFT,7,4,28.257977,43.72207434,562.6813336,LOW,9,1,1,UP,9,1,1,DOWN,7,1,1
17:20:34,LEFT,7,6,27.56696573,42.95245476,563.8086414,LOW,9,1,1,UP,9,1,1,DOWN,7,1,1
17:21:04,LEFT,6,6,27.91208133,45.40559411,558.67873,LOW,9,1,1,UP,9,1,1,DOWN,7,1,1
17:21:34,LEFT,5,6,28.03087678,43.71369257,561.3269941,LOW,9,1,1,UP,9,1,1,DOWN,7,1,1
17:22:04,LEFT,6,5,27.95406578,45.56511063,561.6444308,LOW,9,0,1,UP,9,1,1,DOWN,7,1,1
17:22:34,LEFT,6,5,26.42251844,43.43871158,560.6329579,LOW,9,0,1,UP,9,1,1,DOWN,7,1,1
17:23:04,LEFT,7,6,28.17200291,43.89653821,564.3151643,LOW,9,1,1,UP,9,1,1,DOWN,7,1,1
17:23:34,LEFT,5,4,28.04986254,43.68549689,559.3973789,LOW,9,0,1,DOWN,10,1,1,DOWN,7,1,1
17:24:04,LEFT,5,6,26.66785859,45.48153072,558.8731503,LOW,9,1,1,DOWN,10,1,1,DOWN,7,1,1
17:24:34,LEFT,4,4,27.0057782,44.92830709,559.8872283,LOW,9,1,1,DOWN,10,1,1,DOWN,7,1,1
17:25:04,LEFT,4,6,27.1528647,44.75209474,563.761935,LOW,9,1,1,DOWN,10,1,1,DOWN,7,1,1
17:25:34,LEFT,6,5,26.69889354,44.98781589,564.4334842,LOW,9,1,1,DOWN,10,1,1,DOWN,7,1,1
17:26:04,LEFT,6,4,27.05589522,44.8052517,563.131149,LOW,9,1,1,DOWN,10,1,1,DOWN,7,1,1
17:26:34,LEFT,6,4,28.69674566,43.95771935,563.1617282,LOW,9,1,1,DOWN,10,1,1,DOWN,7,1,1
17:27:04,LEFT,6,5,27.64301098,45.09171463,562.704273,LOW,9,0,1,DOWN,10,1,1,DOWN,7,1,1
17:27:34,LEFT,4,6,28.04953744,43.18233272,560.9768504,LOW,9,0,1,DOWN,10,1,1,DOWN,7,1,1
17:28:04,LEFT,4,6,27.51802937,43.3759748,562.0998166,LOW,9,0,1,DOWN,10,1,1,DOWN,7,1,1
17:28:34,LEFT,5,4,27.24500859,43.86596353,557.749928,LOW,9,0,1,DOWN,10,1,1,DOWN,7,1,1
17:29:04,LEFT,6,5,28.23461036,45.06912243,560.6852989,LOW,9,0,1,DOWN,10,1,1,UP,8,1,1
17:29:34,LEFT,6,4,27.78467402,43.7554455,561.9146888,LOW,9,1,1,DOWN,10,1,1,UP,8,1,1
17:30:04,LEFT,7,4,26.9215259,43.43790981,564.0589481,LOW,9,1,1,DOWN,10,1,1,UP,8,1,1
17:30:34,LEFT,4,6,27.20839187,43.63906113,560.7929398,LOW,9,0,1,DOWN,10,1,1,UP,8,1,1
17:31:04,LEFT,6,5,28.5294087,43.28240549,559.3646305,LOW,9,1,1,DOWN,10,1,1,UP,8,1,1
17:31:34,LEFT,6,6,28.69844177,43.41101132,558.342661,LOW,9,1,1,DOWN,10,1,1,UP,8,1,1
17:32:04,LEFT,5,4,28.1723279,44.24497616,560.1345484,LOW,9,1,1,DOWN,10,1,1,UP,8,1,1
17:32:34,LEFT,5,5,26.95202102,43.57825179,561.5785679,LOW,9,0,1,UP,11,1,1,UP,8,1,1
17:33:04,LEFT,6,4,28.77260584,42.7943616,565.1024374,LOW,9,1,1,UP,11,1,1,UP,8,1,1
17:33:34,LEFT,5,4,26.71895163,45.88728416,562.7499867,LOW,9,1,1,UP,11,1,1,UP,8,1,1
17:34:04,LEFT,5,5,28.46675522,43.94917946,559.0200856,LOW,9,0,1,UP,11,1,1,UP,8,1,1
17:34:34,LEFT,7,4,27.16149456,43.93512577,559.7973937,LOW,9,1,1,UP,11,1,1,UP,8,1,1
17:35:04,LEFT,6,4,27.9418039,44.74965401,561.1016952,LOW,9,0,1,UP,11,1,1,UP,8,1,1
17:35:34,LEFT,4,5,27.07765872,44.57149705,560.0440255,LOW,9,0,1,UP,11,1,1,UP,8,1,1
17:36:04,LEFT,4,5,27.5815078,44.83715121,561.9073209,LOW,9,0,1,UP,11,1,1,UP,8,1,1
17:36:34,LEFT,5,4,26.99823037,45.22334759,561.5665735,MED,9,0,1,UP,11,1,1,UP,8,1,1
17:37:04,LEFT,6,6,26.9871533,43.17894077,559.1706082,MED,9,0,1,UP,11,1,1,UP,8,1,1
17:37:34,LEFT,7,4,28.32387932,42.33311708,557.4398478,MED,9,1,1,UP,11,1,1,UP,8,1,1
17:38:04,LEFT,6,6,28.3133709,44.25997687,560.0729924,MED,9,1,1,UP,11,1,1,UP,8,1,1
17:38:34,LEFT,4,6,28.16141592,43.89742551,562.6611568,MED,9,1,1,UP,11,1,1,UP,8,1,1
17:39:04,LEFT,5,5,27.66940416,43.08385483,562.5414817,MED,9,1,1,UP,11,1,1,UP,8,1,1
17:39:34,LEFT,7,4,26.74446006,44.20629257,564.4850199,MED,9,1,1,UP,11,1,1,UP,8,1,1
17:40:04,LEFT,6,6,27.68770873,43.6760029,562.2355746,MED,9,1,1,UP,11,1,1,UP,8,1,1
17:40:34,LEFT,5,4,28.41699274,42.28814604,559.3248621,MED,9,1,1,UP,11,1,1,UP,8,1,1
17:41:04,LEFT,6,5,27.23183322,43.76654636,562.6479179,MED,9,1,1,UP,11,1,1,UP,8,1,1
17:41:34,LEFT,4,4,28.10308266,45.77360737,563.6420666,MED,9,1,1,UP,11,1,1,UP,8,1,1
17:42:04,LEFT,6,5,28.74839554,42.62419336,565.9006113,MED,9,0,1,UP,11,1,1,UP,8,1,1
17:42:34,LEFT,5,5,28.34341119,43.99272567,560.7857344,MED,9,0,1,UP,11,1,1,UP,8,1,1
17:43:04,LEFT,4,6,27.05334093,45.54045351,564.3568815,MED,9,1,1,UP,11,1,1,UP,8,1,1
17:43:34,LEFT,7,4,25.87808698,45.12188191,559.098228,MED,9,0,1,UP,11,1,1,UP,8,1,1
17:44:04,LEFT,6,6,26.97051671,45.63738356,563.341876,MED,9,1,1,UP,11,1,1,UP,8,1,1
17:44:34,LEFT,5,5,28.12182434,45.00934946,564.2852813,MED,9,1,1,UP,11,1,1,UP,8,1,1
17:45:04,LEFT,7,6,28.23909394,42.0773618,561.6438483,MED,9,0,1,UP,11,1,1,UP,8,1,1
17:45:34,LEFT,7,5,26.10549451,42.81987399,561.2232505,MED,9,0,1,UP,11,1,1,UP,8,1,1
17:46:04,LEFT,5,5,26.27928116,43.68845794,563.2691513,MED,9,0,1,UP,11,1,1,UP,8,1,1
