Time,Position,Sound 1,Sound 2,Temperature,Humidity,Light,Position Back,N Mov Back,N Back pos,N Back total,Position Front,N Mov Front,N Front pos,N Front total
1,LEFT,0.02,-16.66,26.17,49.88,251.28,HIGH,0,1,1,DOWN,1,1,1
2,LEFT,0.03,-16.66,27.8,42.18,18.21,HIGH,0,1,1,DOWN,1,1,1
3,LEFT,0.05,-16.65,25.08,37.54,331.37,HIGH,0,0,1,DOWN,1,1,1
4,LEFT,0.07,-16.64,25.04,31.46,185.11,HIGH,0,1,1,DOWN,1,1,1
5,LEFT,0.09,-16.64,27.59,42.25,117.67,HIGH,0,0,1,DOWN,1,1,1
6,LEFT,0.1,-16.63,21.5,37.67,59.96,HIGH,0,0,1,DOWN,1,1,1
7,LEFT,0.12,-16.63,24.61,44.6,103.86,HIGH,0,0,1,DOWN,1,1,1
8,LEFT,0.14,-16.62,24.26,39.3,24.52,HIGH,1,0,0,DOWN,1,1,1
9,LEFT,0.16,-16.61,21.05,34.49,471.12,HIGH,1,0,0,DOWN,1,1,1
10,LEFT,0.17,-16.61,27.33,42.2,190.49,HIGH,1,1,0,DOWN,1,1,1
11,LEFT,0.19,-16.6,22.39,48.24,302.06,HIGH,1,0,0,DOWN,1,1,1
12,LEFT,0.21,-16.6,26.21,39.08,328.73,HIGH,1,0,0,DOWN,1,1,1
13,LEFT,0.22,-16.59,26.26,32.38,85.09,HIGH,1,0,0,DOWN,1,1,1
14,LEFT,0.24,-16.59,22.67,34.51,372.83,HIGH,1,0,0,DOWN,1,1,1
15,LEFT,0.26,-16.58,23.24,41.12,353.91,HIGH,1,0,0,DOWN,1,1,1
16,LEFT,0.28,-16.57,24.47,32.06,188.5,HIGH,1,1,0,DOWN,1,1,1
17,LEFT,0.29,-16.57,23.6,44.15,249.01,HIGH,1,1,0,DOWN,1,1,1
18,LEFT,0.31,-16.56,29.06,45.53,343.14,HIGH,1,1,0,DOWN,1,1,1
19,LEFT,0.33,-16.56,29.04,38.16,318.14,HIGH,1,1,0,DOWN,1,1,1
20,LEFT,0.34,-16.55,21.91,33.78,54.92,HIGH,1,1,0,DOWN,1,1,1
21,LEFT,0.36,-16.55,27.15,48.54,138.43,HIGH,1,0,0,DOWN,1,1,1
22,LEFT,0.37,-16.54,27.87,35.1,14.26,HIGH,1,1,0,DOWN,1,1,1
23,LEFT,0.39,-16.54,29.3,34.12,317.97,HIGH,1,1,0,DOWN,1,1,1
24,LEFT,0.41,-16.53,24.26,37.11,58.08,HIGH,1,1,0,DOWN,1,1,1
25,LEFT,0.42,-16.53,28.92,30.49,1.21,HIGH,1,1,0,DOWN,1,1,1
26,LEFT,0.44,-16.52,26.1,41.49,278.95,HIGH,1,0,0,DOWN,1,1,1
27,LEFT,0.45,-16.52,25.76,37.96,346.29,HIGH,1,0,0,DOWN,1,1,1
28,LEFT,0.47,-16.51,23.94,46.4,332.43,HIGH,1,1,0,DOWN,1,1,1
29,LEFT,0.48,-16.51,22.81,37.33,49.99,HIGH,1,0,0,DOWN,1,1,1
30,LEFT,0.5,-16.5,24.45,36.29,487.7,HIGH,1,1,0,DOWN,1,1,1
31,LEFT,0.52,-16.49,22.92,49.94,337.44,HIGH,1,0,0,DOWN,1,1,1
32,LEFT,0.53,-16.49,20.41,42.74,283.52,HIGH,1,1,0,DOWN,1,1,1
33,LEFT,0.54,-16.49,25.51,46.92,324.96,HIGH,1,1,0,DOWN,1,1,1
34,LEFT,0.56,-16.48,24.76,30.16,151.77,HIGH,1,1,0,DOWN,1,1,1
35,LEFT,0.57,-16.48,29.93,34.25,384.17,HIGH,1,0,0,DOWN,1,1,1
36,LEFT,0.59,-16.47,27.71,46.69,110.27,HIGH,1,1,0,DOWN,1,1,1
37,LEFT,0.6,-16.47,28.96,38.02,420.88,HIGH,1,1,0,DOWN,1,1,1
38,LEFT,0.62,-16.46,27.68,41.4,233.8,HIGH,1,0,0,DOWN,1,1,1
39,LEFT,0.63,-16.46,20.56,48.77,182.56,HIGH,1,0,0,DOWN,1,1,1
40,LEFT,0.64,-16.45,27.92,44.6,13.66,HIGH,1,1,0,DOWN,1,1,1
41,LEFT,0.66,-16.45,21.61,47.18,8.19,HIGH,1,1,0,DOWN,1,1,1
42,LEFT,0.67,-16.44,24.94,42.15,242.87,HIGH,1,0,0,DOWN,1,1,1
43,LEFT,0.68,-16.44,25.84,35.46,479.98,HIGH,1,1,0,DOWN,1,1,1
44,LEFT,0.69,-16.44,29.16,46.13,238.09,HIGH,1,0,0,DOWN,1,1,1
45,LEFT,0.71,-16.43,22.33,49.52,45.01,HIGH,2,1,0,DOWN,1,1,1
46,LEFT,0.72,-16.43,27.44,37.51,25.7,HIGH,2,0,0,DOWN,1,1,1
47,LEFT,0.73,-16.42,22.7,49.93,240.56,HIGH,2,1,0,DOWN,1,1,1
48,LEFT,0.74,-16.42,29.82,38.89,400.27,HIGH,2,0,0,DOWN,1,1,1
49,LEFT,0.75,-16.42,26.28,32.75,48.78,HIGH,2,1,0,DOWN,1,1,1
50,LEFT,0.77,-16.41,22.63,31.15,120.09,HIGH,2,1,0,DOWN,1,1,1
51,LEFT,0.78,-16.41,24.57,40.28,325.6,HIGH,2,0,0,DOWN,1,1,1
52,LEFT,0.79,-16.4,24.31,33.2,423.26,HIGH,2,0,0,DOWN,1,1,1
53,LEFT,0.8,-16.4,26.39,35.15,198.98,HIGH,2,0,0,DOWN,1,1,1
54,LEFT,0.81,-16.4,24.63,32.23,147.13,HIGH,2,0,0,DOWN,1,1,1
55,LEFT,0.82,-16.39,22.59,32.34,16.76,HIGH,2,0,0,DOWN,1,1,1
56,LEFT,0.83,-16.39,26.66,49.91,336.62,HIGH,2,1,0,DOWN,1,1,1
57,LEFT,0.84,-16.39,20.14,31.78,240.49,HIGH,2,1,0,DOWN,1,1,1
58,LEFT,0.85,-16.38,20.58,44.52,241.5,HIGH,2,1,0,DOWN,1,1,1
59,LEFT,0.86,-16.38,28.02,44.94,32.12,HIGH,3,0,0,DOWN,1,1,1
60,LEFT,0.87,-16.38,25.58,47.92,397.15,HIGH,3,0,0,DOWN,1,1,1
61,LEFT,0.87,-16.38,25.46,39.1,195.51,HIGH,3,0,0,DOWN,1,1,1
62,LEFT,0.88,-16.37,22.41,43.46,311.89,HIGH,3,0,0,DOWN,1,1,1
63,LEFT,0.89,-16.37,24.77,48.59,11.81,HIGH,3,0,0,DOWN,1,1,1
64,LEFT,0.9,-16.37,26.65,38.39,285.5,HIGH,3,0,0,DOWN,1,1,1
65,LEFT,0.91,-16.36,26.65,46.85,282.2,HIGH,3,0,0,DOWN,1,1,1
66,LEFT,0.91,-16.36,22.69,33.4,184.64,HIGH,3,1,0,DOWN,1,1,1
67,LEFT,0.92,-16.36,27.67,35.07,14.96,HIGH,3,1,0,DOWN,1,1,1
68,LEFT,0.93,-16.36,29.99,43.02,124.96,HIGH,3,1,0,DOWN,1,1,1
69,LEFT,0.93,-16.36,27.72,38.44,168.8,HIGH,3,1,0,DOWN,1,1,1
70,LEFT,0.94,-16.35,22.09,38.7,304.34,HIGH,3,0,0,DOWN,1,1,1
71,LEFT,0.95,-16.35,23.71,36.68,287.24,HIGH,3,0,0,DOWN,1,1,1
72,LEFT,0.95,-16.35,26.78,45.33,241.52,HIGH,3,0,0,DOWN,1,1,1
73,LEFT,0.96,-16.35,24.4,31.3,81.47,HIGH,3,1,0,DOWN,1,1,1
74,LEFT,0.96,-16.35,26.05,33.91,452.65,HIGH,3,0,0,DOWN,1,1,1
75,LEFT,0.97,-16.34,25,40.66,267.96,HIGH,3,1,0,DOWN,1,1,1
76,LEFT,0.97,-16.34,27.14,34.72,8.79,HIGH,3,0,0,DOWN,1,1,1
77,LEFT,0.97,-16.34,23.67,37.01,68.61,HIGH,3,0,0,DOWN,1,1,1
78,LEFT,0.98,-16.34,27.14,46.54,292.84,HIGH,4,1,0,DOWN,1,1,1
79,LEFT,0.98,-16.34,28.76,49.26,103.24,HIGH,4,0,0,DOWN,1,1,1
80,LEFT,0.98,-16.34,27.07,32.04,438.78,HIGH,4,0,0,DOWN,1,1,1
81,LEFT,0.99,-16.34,29.36,46.24,354.71,HIGH,4,1,0,DOWN,1,1,1
82,LEFT,0.99,-16.34,24.52,45.75,499.52,HIGH,4,0,0,DOWN,1,1,1
83,LEFT,0.99,-16.34,29.11,35.6,70.99,HIGH,5,1,0,DOWN,1,1,1
84,LEFT,0.99,-16.34,24.93,37.37,197.76,HIGH,5,1,0,DOWN,1,1,1
85,LEFT,1,-16.33,23.38,33.73,479.03,HIGH,5,0,0,DOWN,1,1,1
86,LEFT,1,-16.33,22.98,32.73,371.47,HIGH,5,1,0,DOWN,1,1,1
87,LEFT,1,-16.33,22.63,41.07,104.42,HIGH,6,1,0,DOWN,1,1,1
88,LEFT,1,-16.33,24.18,40.02,230.73,HIGH,7,1,0,DOWN,1,1,1
89,LEFT,1,-16.33,20.81,33.2,128.09,HIGH,7,1,0,DOWN,1,1,1
90,LEFT,1,-16.33,26.95,38.11,349.58,HIGH,7,0,0,DOWN,1,1,1
91,LEFT,1,-16.33,21.54,31.42,339.44,HIGH,7,0,0,DOWN,1,1,1
92,LEFT,1,-16.33,22.56,35.4,73.29,HIGH,7,1,0,DOWN,1,1,1
93,LEFT,1,-16.33,20.7,43.73,326.54,HIGH,7,0,0,DOWN,1,1,1
94,LEFT,1,-16.33,28.61,48.97,294.73,HIGH,7,1,0,DOWN,1,1,1
95,LEFT,1,-16.33,26.3,41.2,78.53,HIGH,7,0,0,DOWN,1,1,1
96,LEFT,0.99,-16.34,24,44.92,466.73,HIGH,7,0,0,DOWN,1,1,1
97,LEFT,0.99,-16.34,23.62,31.96,102.14,HIGH,7,0,0,DOWN,1,1,1
98,LEFT,0.99,-16.34,29.94,37.24,300.61,HIGH,7,0,0,DOWN,1,1,1
99,LEFT,0.99,-16.34,27.05,46.7,440.76,HIGH,7,0,0,DOWN,1,1,1
100,LEFT,0.98,-16.34,22.59,49.29,101.67,HIGH,7,0,0,DOWN,1,1,1
101,LEFT,0.98,-16.34,23.98,45.87,434.57,HIGH,7,1,0,DOWN,1,1,1
102,LEFT,0.98,-16.34,27.8,43.94,225.99,HIGH,7,1,0,DOWN,1,1,1
103,LEFT,0.97,-16.34,23.57,42.51,64.86,HIGH,8,0,0,DOWN,1,1,1
104,LEFT,0.97,-16.34,21.85,33.59,152.16,HIGH,8,0,0,DOWN,1,1,1
105,LEFT,0.97,-16.34,23.09,34.25,36.17,HIGH,8,0,0,DOWN,1,1,1
106,LEFT,0.96,-16.35,20.38,31.29,208.51,HIGH,9,0,0,DOWN,1,1,1
107,LEFT,0.96,-16.35,20.22,37.2,142.57,HIGH,9,1,0,DOWN,1,1,1
108,LEFT,0.95,-16.35,27.23,36.06,474.46,HIGH,9,0,0,DOWN,1,1,1
109,LEFT,0.95,-16.35,26.68,49.35,391.74,HIGH,9,0,0,DOWN,1,1,1
110,LEFT,0.94,-16.35,27.04,30.16,220,HIGH,9,0,0,DOWN,1,1,1
111,LEFT,0.93,-16.36,27.19,40.99,9.92,HIGH,9,0,0,DOWN,1,1,1
112,LEFT,0.93,-16.36,23.75,43.38,358.35,HIGH,9,0,0,DOWN,1,1,1
113,LEFT,0.92,-16.36,24.93,41.3,267.06,HIGH,9,1,0,DOWN,1,1,1
114,LEFT,0.91,-16.36,21.9,41.76,36.9,HIGH,9,1,0,DOWN,1,1,1
115,LEFT,0.91,-16.36,26.04,36.4,333.75,HIGH,9,0,0,DOWN,1,1,1
116,LEFT,0.9,-16.37,23.49,30.9,281.06,HIGH,9,0,0,DOWN,1,1,1
117,LEFT,0.89,-16.37,29.46,45.45,276,HIGH,9,0,0,DOWN,1,1,1
118,LEFT,0.88,-16.37,20.18,31.07,436.98,HIGH,9,1,0,DOWN,1,1,1
119,LEFT,0.87,-16.38,26.48,43.13,320.91,HIGH,9,1,0,DOWN,1,1,1
120,LEFT,0.87,-16.38,22.63,48.87,288.38,HIGH,9,0,0,DOWN,1,1,1
121,LEFT,0.86,-16.38,26.37,39.87,150.15,HIGH,9,0,1,DOWN,1,1,1
122,LEFT,0.85,-16.38,23.24,43.33,258.72,HIGH,9,1,1,DOWN,1,1,1
123,LEFT,0.84,-16.39,21.19,48.44,408.35,HIGH,9,1,1,DOWN,1,1,1
124,LEFT,0.83,-16.39,20.65,42.41,99.55,HIGH,9,0,1,DOWN,1,1,1
125,LEFT,0.82,-16.39,25.19,33.49,241.43,HIGH,9,1,1,DOWN,1,1,1
126,LEFT,0.81,-16.4,28.52,32.25,433.09,HIGH,9,1,1,DOWN,1,1,1
127,LEFT,0.8,-16.4,28.08,35.96,468.65,HIGH,9,0,1,DOWN,1,1,1
128,LEFT,0.79,-16.4,29.55,32.27,381.85,HIGH,9,0,1,DOWN,1,1,1
129,LEFT,0.78,-16.41,23.94,44.23,180.42,HIGH,9,1,1,DOWN,1,1,1
130,LEFT,0.77,-16.41,25.95,41.95,51.24,HIGH,9,1,1,DOWN,1,1,1
131,LEFT,0.75,-16.42,28.68,40.89,226.7,HIGH,9,1,1,DOWN,1,1,1
132,LEFT,0.74,-16.42,27.32,47.31,111.48,HIGH,9,0,1,DOWN,1,1,1
133,LEFT,0.73,-16.42,23.02,40.18,87.82,HIGH,9,1,1,DOWN,1,1,1
134,LEFT,0.72,-16.43,25.14,38.67,145.48,HIGH,9,1,1,DOWN,1,1,1
135,LEFT,0.71,-16.43,26.39,46.47,485.9,HIGH,9,0,1,DOWN,1,1,1
136,LEFT,0.69,-16.44,26.31,44.13,202.69,HIGH,9,0,1,DOWN,1,1,1
137,LEFT,0.68,-16.44,29.98,43.32,184.62,HIGH,9,0,1,DOWN,1,1,1
138,LEFT,0.67,-16.44,25.42,34.98,160.85,HIGH,9,0,1,DOWN,1,1,1
139,LEFT,0.66,-16.45,22.08,40.88,397.76,HIGH,9,0,1,DOWN,1,1,1
140,LEFT,0.64,-16.45,23.99,39.98,454.11,HIGH,9,0,1,DOWN,1,1,1
141,LEFT,0.63,-16.46,28.66,33.77,359.57,HIGH,9,0,1,DOWN,1,1,1
142,LEFT,0.62,-16.46,23.31,35.68,365.34,HIGH,9,1,1,DOWN,1,1,1
143,LEFT,0.6,-16.47,27.48,33.71,382.31,HIGH,9,0,1,DOWN,1,1,1
144,LEFT,0.59,-16.47,24.66,40.82,222.91,HIGH,9,1,1,DOWN,1,1,1
145,LEFT,0.57,-16.48,22.16,41.99,164.75,HIGH,9,0,1,DOWN,1,1,1
146,LEFT,0.56,-16.48,20.44,41.45,482.56,HIGH,9,0,1,DOWN,1,1,1
147,LEFT,0.54,-16.49,23.48,39.2,101.53,HIGH,9,0,1,DOWN,1,1,1
148,LEFT,0.53,-16.49,27.24,43.41,296.87,HIGH,9,1,1,DOWN,1,1,1
149,LEFT,0.52,-16.49,23.98,43.83,435.39,HIGH,9,1,1,DOWN,1,1,1
150,LEFT,0.5,-16.5,22.87,45.42,302.03,HIGH,9,1,1,DOWN,1,1,1
151,RIGHT,0.48,-16.51,29.08,38.67,92.02,HIGH,9,1,1,DOWN,1,1,1
152,RIGHT,0.47,-16.51,23.47,34.35,108.25,HIGH,9,1,1,DOWN,1,1,1
153,RIGHT,0.45,-16.52,28.53,44.81,80.3,HIGH,9,0,1,DOWN,1,1,1
154,RIGHT,0.44,-16.52,24.78,41.81,49.68,HIGH,9,1,1,DOWN,1,1,1
155,RIGHT,0.42,-16.53,28.19,35.93,104.65,HIGH,9,0,1,DOWN,1,1,1
156,RIGHT,0.41,-16.53,27.44,38.37,249.63,HIGH,9,1,1,DOWN,1,1,1
157,RIGHT,0.39,-16.54,27.91,30.98,113.26,HIGH,9,0,1,DOWN,1,1,1
158,RIGHT,0.37,-16.54,20.7,32.31,298.21,HIGH,9,1,1,DOWN,1,1,1
159,RIGHT,0.36,-16.55,21.16,47.06,202.67,HIGH,9,0,1,DOWN,1,1,1
160,RIGHT,0.34,-16.55,26.04,39.1,199.7,HIGH,9,1,1,DOWN,1,1,1
161,RIGHT,0.33,-16.56,24.84,40.35,275.85,HIGH,9,1,1,DOWN,1,1,1
162,RIGHT,0.31,-16.56,27.42,47.06,188.96,HIGH,9,0,1,DOWN,1,1,1
163,RIGHT,0.29,-16.57,25.56,35.81,141.28,HIGH,9,0,1,DOWN,1,1,1
164,RIGHT,0.28,-16.57,26.42,33.93,387.67,HIGH,9,1,1,DOWN,1,1,1
165,RIGHT,0.26,-16.58,22.87,35.75,71.05,HIGH,9,1,1,DOWN,1,1,1
166,RIGHT,0.24,-16.59,21.46,41.26,263.47,HIGH,9,0,1,DOWN,1,1,1
167,RIGHT,0.22,-16.59,21.66,48.45,53.68,HIGH,9,0,1,DOWN,1,1,1
168,RIGHT,0.21,-16.6,26.15,42.22,248.77,HIGH,9,1,1,DOWN,1,1,1
169,RIGHT,0.19,-16.6,25.08,37.86,444.96,HIGH,9,1,1,DOWN,1,1,1
170,RIGHT,0.17,-16.61,24.56,42.25,229.99,HIGH,9,1,1,DOWN,1,1,1
171,RIGHT,0.16,-16.61,24.02,34.44,301.76,HIGH,9,1,1,DOWN,1,1,1
172,RIGHT,0.14,-16.62,23.47,34.18,222,HIGH,9,0,1,DOWN,1,1,1
173,RIGHT,0.12,-16.63,22.84,30.05,109.99,HIGH,9,0,1,DOWN,1,1,1
174,RIGHT,0.1,-16.63,28.39,44.12,317.88,HIGH,9,1,1,DOWN,1,1,1
175,RIGHT,0.09,-16.64,24.77,49.7,388.61,HIGH,9,0,1,DOWN,1,1,1
176,RIGHT,0.07,-16.64,20.19,37.2,219.74,HIGH,9,0,1,DOWN,1,1,1
177,RIGHT,0.05,-16.65,20.65,36.28,255.73,HIGH,9,1,1,DOWN,1,1,1
178,RIGHT,0.03,-16.66,28.36,36.91,349.97,HIGH,9,0,1,DOWN,1,1,1
179,RIGHT,0.02,-16.66,21.43,48.5,206.33,HIGH,9,0,1,DOWN,1,1,1
180,RIGHT,0,-16.67,29.15,41.91,444.7,HIGH,9,0,1,DOWN,1,1,1
181,RIGHT,-0.02,-16.67,20.92,33.2,498.33,HIGH,9,1,1,DOWN,1,1,1
182,RIGHT,-0.03,-16.68,25.12,39.35,282.89,HIGH,9,1,1,DOWN,1,1,1
183,RIGHT,-0.05,-16.68,25.29,42.37,112.6,HIGH,9,1,1,DOWN,1,1,1
184,RIGHT,-0.07,-16.69,29.17,44.23,185.93,HIGH,9,1,1,DOWN,1,1,1
185,RIGHT,-0.09,-16.7,22.77,31.53,466.36,HIGH,9,0,1,DOWN,1,1,1
186,RIGHT,-0.1,-16.7,20.25,47.82,102.04,HIGH,9,1,1,DOWN,1,1,1
187,RIGHT,-0.12,-16.71,24.36,44.92,366.77,HIGH,9,1,1,DOWN,1,1,1
188,RIGHT,-0.14,-16.71,28,33.13,204.7,HIGH,9,0,1,DOWN,1,1,1
189,RIGHT,-0.16,-16.72,20.27,33.85,102.09,HIGH,9,0,1,DOWN,1,1,1
190,RIGHT,-0.17,-16.72,28.05,46.49,442.66,HIGH,9,0,1,DOWN,1,1,1
191,RIGHT,-0.19,-16.73,22.02,47.94,393.04,HIGH,9,1,1,DOWN,1,1,1
192,RIGHT,-0.21,-16.74,29.15,31.13,247.57,HIGH,9,0,1,DOWN,1,1,1
193,RIGHT,-0.22,-16.74,21.98,31.57,289.29,HIGH,9,0,1,DOWN,1,1,1
194,RIGHT,-0.24,-16.75,27.93,38.36,386.52,HIGH,9,1,1,DOWN,1,1,1
195,RIGHT,-0.26,-16.75,20.48,30.15,87.3,HIGH,9,1,1,DOWN,1,1,1
196,RIGHT,-0.28,-16.76,24.24,43.6,243.46,HIGH,9,1,1,DOWN,1,1,1
197,RIGHT,-0.29,-16.76,24.7,36.71,137.08,HIGH,9,1,1,DOWN,1,1,1
198,RIGHT,-0.31,-16.77,24.52,39.4,186.19,HIGH,9,1,1,DOWN,1,1,1
199,RIGHT,-0.33,-16.78,25.55,49.23,26.59,HIGH,9,1,1,DOWN,1,1,1
200,RIGHT,-0.34,-16.78,29.93,43.12,217.26,HIGH,9,0,1,DOWN,1,1,1
201,RIGHT,-0.36,-16.79,28.94,41.07,462.17,HIGH,9,1,1,DOWN,1,1,1
202,RIGHT,-0.37,-16.79,22.85,40.79,239.48,HIGH,9,1,1,DOWN,1,1,1
203,RIGHT,-0.39,-16.8,23.87,41.19,24.95,HIGH,9,1,1,DOWN,1,1,1
204,RIGHT,-0.41,-16.8,20.75,32.6,193.58,HIGH,9,0,1,DOWN,1,1,1
205,RIGHT,-0.42,-16.81,27.77,38.21,372.36,HIGH,9,0,1,DOWN,1,1,1
206,RIGHT,-0.44,-16.81,22.69,46.72,461.77,HIGH,9,0,1,DOWN,1,1,1
207,RIGHT,-0.45,-16.82,24.57,40.05,380.75,HIGH,9,0,1,DOWN,1,1,1
208,RIGHT,-0.47,-16.82,29.48,43.48,318.06,HIGH,9,1,1,DOWN,1,1,1
209,RIGHT,-0.48,-16.83,28.18,47.8,18.5,HIGH,9,1,1,DOWN,1,1,1
210,RIGHT,-0.5,-16.83,26.06,42.13,266.49,HIGH,9,1,1,DOWN,1,1,1
211,RIGHT,-0.52,-16.84,25.08,43.02,395.03,HIGH,9,1,1,DOWN,1,1,1
212,RIGHT,-0.53,-16.84,26.18,47.39,496.78,HIGH,9,0,1,DOWN,1,1,1
213,RIGHT,-0.54,-16.85,23.96,37.01,82.98,HIGH,9,1,1,DOWN,1,1,1
214,RIGHT,-0.56,-16.85,25.5,47.4,438.04,HIGH,9,0,1,DOWN,1,1,1
215,RIGHT,-0.57,-16.86,21.18,33.53,175.85,HIGH,9,1,1,DOWN,1,1,1
216,RIGHT,-0.59,-16.86,27.9,49.47,382.19,HIGH,9,1,1,DOWN,1,1,1
217,RIGHT,-0.6,-16.87,29.8,35.17,86.01,HIGH,9,0,1,DOWN,1,1,1
218,RIGHT,-0.62,-16.87,28.93,32.27,370.86,HIGH,9,0,1,DOWN,1,1,1
219,RIGHT,-0.63,-16.88,25.16,34.52,10.74,HIGH,9,0,1,DOWN,1,1,1
220,RIGHT,-0.64,-16.88,29.87,45.61,186.33,HIGH,9,1,1,DOWN,1,1,1
221,RIGHT,-0.66,-16.89,25.7,31.26,169,HIGH,9,0,1,DOWN,1,1,1
222,RIGHT,-0.67,-16.89,22.93,48.14,382.47,HIGH,9,0,1,DOWN,1,1,1
223,RIGHT,-0.68,-16.89,27.43,30.32,386.1,HIGH,9,0,1,DOWN,1,1,1
224,RIGHT,-0.69,-16.9,28.36,31.27,403.19,HIGH,9,1,1,DOWN,1,1,1
225,RIGHT,-0.71,-16.9,27.8,43.52,190.75,HIGH,9,1,1,DOWN,1,1,1
226,RIGHT,-0.72,-16.91,21.24,33.93,169.62,HIGH,9,0,1,DOWN,1,1,1
227,RIGHT,-0.73,-16.91,24.87,38.07,21.79,HIGH,9,1,1,DOWN,1,1,1
228,RIGHT,-0.74,-16.91,20.43,46.47,80.53,HIGH,9,0,1,DOWN,1,1,1
229,RIGHT,-0.75,-16.92,24.48,47.21,162.66,HIGH,9,1,1,DOWN,1,1,1
230,RIGHT,-0.77,-16.92,26.75,34.48,469.15,HIGH,9,0,1,DOWN,1,1,1
231,RIGHT,-0.78,-16.93,25.61,30.13,81.93,HIGH,9,0,1,DOWN,1,1,1
232,RIGHT,-0.79,-16.93,29.02,32.93,285.12,HIGH,9,0,1,DOWN,1,1,1
233,RIGHT,-0.8,-16.93,26.38,39.08,170.73,HIGH,9,1,1,DOWN,1,1,1
234,RIGHT,-0.81,-16.94,28.35,47.63,65.47,HIGH,9,0,1,DOWN,1,1,1
235,RIGHT,-0.82,-16.94,29.94,41.43,285.9,HIGH,9,1,1,DOWN,1,1,1
236,RIGHT,-0.83,-16.94,21.75,48.96,393.47,HIGH,9,0,1,DOWN,1,1,1
237,RIGHT,-0.84,-16.95,29.42,37.69,221.74,HIGH,9,0,1,DOWN,1,1,1
238,RIGHT,-0.85,-16.95,26.2,47.57,486.87,HIGH,9,1,1,DOWN,1,1,1
239,RIGHT,-0.86,-16.95,21.79,38.11,458.71,HIGH,9,0,1,DOWN,1,1,1
240,RIGHT,-0.87,-16.96,21.66,46.04,123.21,HIGH,9,1,1,DOWN,1,1,1
241,RIGHT,-0.87,-16.96,25.88,35.58,453.5,HIGH,9,0,1,DOWN,1,1,1
242,RIGHT,-0.88,-16.96,21.96,33.7,291.5,HIGH,9,0,1,DOWN,1,1,1
243,RIGHT,-0.89,-16.96,22.72,48.55,2.58,HIGH,9,0,1,DOWN,1,1,1
244,RIGHT,-0.9,-16.97,27.35,46.92,6.83,HIGH,9,1,1,DOWN,1,1,1
245,RIGHT,-0.91,-16.97,25.9,47.94,254.19,HIGH,9,0,1,DOWN,1,1,1
246,RIGHT,-0.91,-16.97,21.23,49.72,31.11,HIGH,9,0,1,DOWN,1,1,1
247,RIGHT,-0.92,-16.97,29.68,40.16,7.13,HIGH,9,1,1,DOWN,1,1,1
248,RIGHT,-0.93,-16.98,28.25,31.91,69.4,HIGH,9,0,1,DOWN,1,1,1
249,RIGHT,-0.93,-16.98,22.47,48.21,377.62,HIGH,9,1,1,DOWN,1,1,1
250,RIGHT,-0.94,-16.98,23.14,46.07,429.01,HIGH,9,0,1,DOWN,1,1,1
251,RIGHT,-0.95,-16.98,21.63,30.34,407.39,HIGH,9,1,1,DOWN,1,1,1
252,RIGHT,-0.95,-16.98,21.37,31.51,427.92,HIGH,9,0,1,DOWN,1,1,1
253,RIGHT,-0.96,-16.99,26.55,35.58,89.86,HIGH,9,1,1,DOWN,1,1,1
254,RIGHT,-0.96,-16.99,20.95,48.83,406.45,HIGH,9,0,1,DOWN,1,1,1
255,RIGHT,-0.97,-16.99,28.93,41.37,185.41,HIGH,9,1,1,DOWN,1,1,1
256,RIGHT,-0.97,-16.99,27.02,42.71,299.9,HIGH,9,1,1,DOWN,1,1,1
257,RIGHT,-0.97,-16.99,20.71,41.19,290.14,HIGH,9,1,1,DOWN,1,1,1
258,RIGHT,-0.98,-16.99,25.06,48.23,307.86,HIGH,9,1,1,DOWN,1,1,1
259,RIGHT,-0.98,-16.99,20.99,30.65,300.49,HIGH,9,1,1,DOWN,1,1,1
260,RIGHT,-0.98,-16.99,27.56,40.84,20.15,HIGH,9,0,1,DOWN,1,1,1
261,RIGHT,-0.99,-17,27.12,40.85,215.34,HIGH,9,0,1,DOWN,1,1,1
262,RIGHT,-0.99,-17,20.53,38.65,462.34,HIGH,9,1,1,DOWN,1,1,1
263,RIGHT,-0.99,-17,20.03,41.67,42.65,MED,9,0,1,DOWN,1,1,1
264,RIGHT,-0.99,-17,25.14,43.21,495.71,MED,9,0,1,DOWN,1,1,1
265,RIGHT,-1,-17,29.82,35.51,335.97,MED,9,1,1,DOWN,1,1,1
266,RIGHT,-1,-17,20.9,45.89,434.46,MED,9,0,1,DOWN,1,1,1
267,RIGHT,-1,-17,20.74,39.35,386.84,MED,9,1,1,DOWN,1,1,1
268,RIGHT,-1,-17,20.17,32.79,333.04,MED,9,0,1,DOWN,1,1,1
269,RIGHT,-1,-17,20.29,31.14,70.01,MED,9,0,1,DOWN,1,1,1
270,RIGHT,-1,-17,24.63,41.51,495.01,MED,9,0,1,DOWN,1,1,1
271,RIGHT,-1,-17,27.12,45.86,335.33,MED,9,0,1,DOWN,1,1,1
272,RIGHT,-1,-17,20.33,39.08,348.55,MED,9,0,1,DOWN,1,1,1
273,RIGHT,-1,-17,27,35.16,132.07,MED,9,1,1,DOWN,1,1,1
274,RIGHT,-1,-17,26.5,43.74,264.59,MED,9,1,1,DOWN,1,1,1
275,RIGHT,-1,-17,24.28,33.35,207.91,MED,9,0,1,DOWN,1,1,1
276,RIGHT,-0.99,-17,20.54,33.07,163.02,MED,9,0,1,DOWN,1,1,1
277,RIGHT,-0.99,-17,25.21,42.59,163.91,MED,9,0,1,DOWN,1,1,1
278,RIGHT,-0.99,-17,20.01,30.46,135.48,MED,9,1,1,DOWN,1,1,1
279,RIGHT,-0.99,-17,24.29,30.68,100.57,MED,9,1,1,DOWN,1,1,1
280,RIGHT,-0.98,-16.99,20.05,43.88,105.49,MED,9,1,1,DOWN,1,1,1
281,RIGHT,-0.98,-16.99,25.6,46.3,401.21,MED,9,0,1,DOWN,1,1,1
282,RIGHT,-0.98,-16.99,27.16,42.28,376.13,MED,9,0,1,DOWN,1,1,1
283,RIGHT,-0.97,-16.99,25.4,49.11,465.83,MED,9,0,1,DOWN,1,1,1
284,RIGHT,-0.97,-16.99,21.6,31.84,108.34,MED,9,1,1,DOWN,1,1,1
285,RIGHT,-0.97,-16.99,27.95,33.85,209.53,MED,9,0,1,DOWN,1,1,1
286,RIGHT,-0.96,-16.99,21.44,36.2,215.2,MED,9,1,1,DOWN,1,1,1
287,RIGHT,-0.96,-16.99,23.03,46.28,48.66,MED,9,0,1,DOWN,1,1,1
288,RIGHT,-0.95,-16.98,26.62,36.6,347.04,MED,9,1,1,DOWN,1,1,1
289,RIGHT,-0.95,-16.98,24.59,44.08,437,MED,9,0,1,DOWN,1,1,1
290,RIGHT,-0.94,-16.98,27.78,30.19,23.24,MED,9,0,1,DOWN,1,1,1
291,RIGHT,-0.93,-16.98,20.72,35.3,236.93,MED,9,0,1,DOWN,1,1,1
292,RIGHT,-0.93,-16.98,26.87,41.1,231.48,MED,9,1,1,DOWN,1,1,1
293,RIGHT,-0.92,-16.97,20.23,31.28,107.06,MED,9,1,1,DOWN,1,1,1
294,RIGHT,-0.91,-16.97,28.08,46.44,366.65,MED,9,1,1,DOWN,1,1,1
295,RIGHT,-0.91,-16.97,27.15,36.14,408.98,MED,9,1,1,DOWN,1,1,1
296,RIGHT,-0.9,-16.97,22.46,35.85,406.24,MED,9,1,1,DOWN,1,1,1
297,RIGHT,-0.89,-16.96,27.64,45.87,201.54,MED,9,0,1,DOWN,1,1,1
298,RIGHT,-0.88,-16.96,21.57,38.41,95.25,MED,9,0,1,DOWN,1,1,1
299,RIGHT,-0.87,-16.96,23.37,44.28,450.48,MED,9,1,1,DOWN,1,1,1
300,RIGHT,-0.87,-16.96,26,31.03,204.24,MED,9,1,1,DOWN,1,1,1
301,RIGHT,-0.86,-16.95,20.47,49.17,284.09,MED,9,1,1,DOWN,1,1,1
302,RIGHT,-0.85,-16.95,20.74,47.79,166.64,MED,9,1,1,DOWN,1,1,1
303,RIGHT,-0.84,-16.95,27.38,44.29,357.97,MED,9,1,1,DOWN,1,1,1
304,RIGHT,-0.83,-16.94,23.19,42.56,120.96,MED,9,0,1,DOWN,1,1,1
305,RIGHT,-0.82,-16.94,28.42,47.05,10.11,MED,9,0,1,DOWN,1,1,1
306,RIGHT,-0.81,-16.94,25.17,32.19,12.42,MED,9,0,1,DOWN,1,1,1
307,RIGHT,-0.8,-16.93,26.18,31.24,459.08,MED,9,0,1,DOWN,1,1,1
308,RIGHT,-0.79,-16.93,23.84,35.46,268.22,MED,9,0,1,DOWN,1,1,1
309,RIGHT,-0.78,-16.93,23.41,36.57,33.75,MED,9,1,1,DOWN,1,1,1
310,RIGHT,-0.77,-16.92,23.48,44.51,490.77,MED,9,0,1,DOWN,1,1,1
311,RIGHT,-0.75,-16.92,25.98,43.47,160.94,MED,9,1,1,DOWN,1,1,1
312,RIGHT,-0.74,-16.91,26.92,37.69,341.32,MED,9,0,1,DOWN,1,1,1
313,RIGHT,-0.73,-16.91,23.33,48.12,300.09,MED,9,0,1,DOWN,1,1,1
314,RIGHT,-0.72,-16.91,23.93,33.7,50.5,MED,9,1,1,DOWN,1,1,1
315,RIGHT,-0.71,-16.9,20.04,37.08,480.6,MED,9,1,1,DOWN,1,1,1
316,RIGHT,-0.69,-16.9,25.82,32.13,80.18,MED,9,1,1,DOWN,1,1,1
317,RIGHT,-0.68,-16.89,23.67,42.41,176.6,MED,9,1,1,DOWN,1,1,1
318,RIGHT,-0.67,-16.89,28.53,47.12,50.12,MED,9,1,1,DOWN,1,1,1
319,RIGHT,-0.66,-16.89,25.79,42.86,15.69,MED,9,0,1,DOWN,1,1,1
320,RIGHT,-0.64,-16.88,28.62,43.45,230.02,MED,9,1,1,DOWN,1,1,1
321,RIGHT,-0.63,-16.88,26.96,43.12,138.49,MED,9,1,1,DOWN,1,1,1
322,RIGHT,-0.62,-16.87,20.97,41.03,355.32,MED,9,0,1,DOWN,1,1,1
323,RIGHT,-0.6,-16.87,25.4,36.32,407.26,MED,9,1,1,DOWN,1,1,1
324,RIGHT,-0.59,-16.86,28.44,49.56,499.95,MED,9,0,1,DOWN,1,1,1
325,RIGHT,-0.57,-16.86,23.46,36.44,476.47,MED,9,1,1,DOWN,1,1,1
326,RIGHT,-0.56,-16.85,20.08,36.88,139.34,MED,9,0,1,DOWN,1,1,1
327,RIGHT,-0.54,-16.85,27.57,41.27,94.21,MED,9,1,1,DOWN,1,1,1
328,RIGHT,-0.53,-16.84,25.69,32.43,272.43,MED,9,1,1,DOWN,1,1,1
329,RIGHT,-0.52,-16.84,20.39,45.28,299.09,MED,9,0,1,DOWN,1,1,1
330,RIGHT,-0.5,-16.83,23.22,32.03,79.46,MED,9,1,1,DOWN,1,1,1
331,RIGHT,-0.48,-16.83,23.45,46.41,94.99,MED,9,0,1,DOWN,1,1,1
332,RIGHT,-0.47,-16.82,29.84,32.43,193.03,MED,9,1,1,DOWN,1,1,1
333,RIGHT,-0.45,-16.82,25.65,41.31,55.33,MED,9,0,1,DOWN,1,1,1
334,RIGHT,-0.44,-16.81,20.61,43.93,244.13,MED,9,1,1,DOWN,1,1,1
335,RIGHT,-0.42,-16.81,20.04,44.02,390.97,MED,9,0,1,DOWN,1,1,1
336,RIGHT,-0.41,-16.8,26.3,44.46,310.37,MED,9,1,1,DOWN,1,1,1
337,RIGHT,-0.39,-16.8,24.76,31.34,133.6,MED,9,0,1,DOWN,1,1,1
338,RIGHT,-0.37,-16.79,29.67,35.31,352.24,MED,9,0,1,DOWN,1,1,1
339,LEFT,-0.36,-16.79,25.69,33.52,332.78,MED,9,1,1,DOWN,1,1,1
340,LEFT,-0.34,-16.78,21.11,37.7,423.63,MED,9,1,1,DOWN,1,1,1
341,LEFT,-0.33,-16.78,20.98,30.31,410.8,MED,9,1,1,DOWN,1,1,1
342,LEFT,-0.31,-16.77,23.97,44.52,317.8,MED,9,0,1,DOWN,1,1,1
343,LEFT,-0.29,-16.76,24.93,48.65,238.62,MED,9,1,1,DOWN,1,1,1
344,LEFT,-0.28,-16.76,21.02,46.8,275.34,MED,9,1,1,DOWN,1,1,1
345,LEFT,-0.26,-16.75,28.62,33.26,222.91,MED,9,0,1,DOWN,1,1,1
346,LEFT,-0.24,-16.75,29.71,32.05,126.01,MED,9,1,1,DOWN,1,1,1
347,LEFT,-0.22,-16.74,20.17,32.88,300.38,MED,9,1,1,DOWN,1,1,1
348,LEFT,-0.21,-16.74,25.53,46.43,253.04,MED,9,1,1,DOWN,1,1,1
349,LEFT,-0.19,-16.73,29.82,35.59,61.03,MED,9,0,1,DOWN,1,1,1
350,LEFT,-0.17,-16.72,22.31,42.67,73.96,MED,9,1,1,DOWN,1,1,1
351,LEFT,-0.16,-16.72,26.41,41.54,393.19,MED,9,1,1,DOWN,1,1,1
352,LEFT,-0.14,-16.71,27.48,30.87,430.68,MED,9,1,1,DOWN,1,1,1
353,LEFT,-0.12,-16.71,29.44,38.95,213.14,MED,9,1,1,DOWN,1,1,1
354,LEFT,-0.1,-16.7,25.28,49.11,33.19,MED,9,1,1,DOWN,1,1,1
355,LEFT,-0.09,-16.7,21.48,32.6,51.59,MED,9,1,1,DOWN,1,1,1
356,LEFT,-0.07,-16.69,29.23,42.26,92.27,MED,9,1,1,DOWN,1,1,1
357,LEFT,-0.05,-16.68,23.62,45.88,201.87,MED,9,0,1,DOWN,1,1,1
358,LEFT,-0.03,-16.68,20.26,39.29,102.81,MED,9,1,1,DOWN,1,1,1
359,LEFT,-0.02,-16.67,22.47,44.77,218.23,MED,9,1,1,DOWN,1,1,1
360,LEFT,0,-16.67,20.93,49.84,187.69,MED,9,0,1,DOWN,1,1,1
361,LEFT,0.02,-16.66,25.93,45.86,273.32,MED,9,1,1,DOWN,1,1,1
362,LEFT,0.03,-16.66,24.81,35.86,491.62,MED,9,0,1,DOWN,1,1,1
363,LEFT,0.05,-16.65,23.96,46.83,494.02,MED,9,1,1,DOWN,1,1,1
364,LEFT,0.07,-16.64,22.13,36.67,330.59,MED,9,0,1,DOWN,1,1,1
365,LEFT,0.09,-16.64,25.5,40.29,304.54,MED,9,0,1,DOWN,1,1,1
366,LEFT,0.1,-16.63,23.77,35.21,414.36,MED,9,1,1,DOWN,1,1,1
367,LEFT,0.12,-16.63,26.8,38.66,450.48,MED,9,0,1,DOWN,1,1,1
368,LEFT,0.14,-16.62,21.59,46.17,226.95,MED,9,1,1,DOWN,1,1,1
369,LEFT,0.16,-16.61,27.8,33.48,319.74,MED,9,1,1,DOWN,1,1,1
370,LEFT,0.17,-16.61,23.49,32.78,317.36,MED,9,1,1,DOWN,1,1,1
371,LEFT,0.19,-16.6,26.54,36.93,307.95,MED,9,1,1,DOWN,1,1,1
372,LEFT,0.21,-16.6,28.04,44.77,464.46,MED,9,0,1,DOWN,1,1,1
373,LEFT,0.22,-16.59,27.21,39.55,182.6,MED,9,0,1,DOWN,1,1,1
374,LEFT,0.24,-16.59,27.68,33.84,417.57,MED,9,1,1,DOWN,1,1,1
375,LEFT,0.26,-16.58,20.36,45.72,344.14,MED,9,0,1,DOWN,1,1,1
376,LEFT,0.28,-16.57,27.44,41.83,211.82,MED,9,1,1,DOWN,1,1,1
377,LEFT,0.29,-16.57,29.7,39.83,302.6,MED,9,0,1,DOWN,1,1,1
378,LEFT,0.31,-16.56,27.6,36.47,74.05,MED,9,1,1,DOWN,1,1,1
379,LEFT,0.33,-16.56,25.29,43.77,322.43,MED,9,1,1,DOWN,1,1,1
380,LEFT,0.34,-16.55,23.59,47.16,225.87,MED,9,1,1,DOWN,1,1,1
381,LEFT,0.36,-16.55,20.92,47.98,188.28,MED,9,0,1,DOWN,1,1,1
382,LEFT,0.37,-16.54,23.81,46.22,77.39,MED,9,1,1,DOWN,1,1,1
383,LEFT,0.39,-16.54,28.73,44.77,22.32,MED,9,1,1,DOWN,1,1,1
384,LEFT,0.41,-16.53,25,44.35,278.05,MED,9,1,1,DOWN,1,1,1
385,LEFT,0.42,-16.53,28.79,35.63,406.74,MED,9,0,1,DOWN,1,1,1
386,LEFT,0.44,-16.52,25.51,40.26,414.5,MED,9,0,1,DOWN,1,1,1
387,LEFT,0.45,-16.52,23.76,37.44,57.08,MED,9,0,1,DOWN,1,1,1
388,LEFT,0.47,-16.51,23.6,32.5,274.52,MED,9,1,1,DOWN,1,1,1
389,LEFT,0.48,-16.51,27.93,39.14,418.03,MED,9,0,1,DOWN,1,1,1
390,LEFT,0.5,-16.5,25.3,36.4,224.87,MED,9,0,1,DOWN,1,1,1
391,LEFT,0.52,-16.49,28.75,42.74,400.36,MED,9,1,1,UP,1,1,1
392,LEFT,0.53,-16.49,22.59,34.54,440.64,MED,9,1,1,UP,1,1,1
393,LEFT,0.54,-16.49,25.38,32.35,304.92,MED,9,0,1,UP,1,1,1
394,LEFT,0.56,-16.48,25.82,46.8,56.43,MED,9,0,1,UP,1,1,1
395,LEFT,0.57,-16.48,26.19,34.96,130.82,MED,9,1,1,UP,1,1,1
396,LEFT,0.59,-16.47,23.55,35.3,435.6,MED,9,0,1,UP,1,1,1
397,LEFT,0.6,-16.47,25.96,40.64,43.5,MED,9,1,1,UP,1,1,1
398,LEFT,0.62,-16.46,20.53,41.31,365.99,HIGH,9,0,1,UP,1,1,1
399,LEFT,0.63,-16.46,23.84,40.25,405.24,HIGH,9,0,1,UP,1,1,1
400,LEFT,0.64,-16.45,24.18,46.76,422.68,HIGH,9,0,1,UP,1,1,1
401,LEFT,0.66,-16.45,20.06,47.8,153.67,HIGH,9,1,1,UP,1,1,1
402,LEFT,0.67,-16.44,21.43,47.87,453.62,HIGH,9,1,1,UP,1,1,1
403,LEFT,0.68,-16.44,28.81,36.07,393.12,HIGH,9,0,1,UP,1,1,1
404,LEFT,0.69,-16.44,24.22,41.71,409.18,HIGH,9,0,1,UP,1,1,1
405,LEFT,0.71,-16.43,21.11,35.45,258.01,HIGH,9,1,1,UP,1,1,1
406,LEFT,0.72,-16.43,24.43,35.22,416.29,HIGH,9,1,1,UP,1,1,1
407,LEFT,0.73,-16.42,21.68,44.18,427.11,HIGH,9,1,1,UP,1,1,1
408,LEFT,0.74,-16.42,26.27,35.94,336.39,HIGH,9,0,1,UP,1,1,1
409,LEFT,0.75,-16.42,21.04,34.35,317.53,HIGH,9,0,1,UP,1,1,1
410,LEFT,0.77,-16.41,29.44,33.91,261.19,HIGH,9,0,1,UP,1,1,1
411,LEFT,0.78,-16.41,24.17,48.96,348.31,HIGH,9,0,1,UP,1,1,1
412,LEFT,0.79,-16.4,21.11,31.01,222.89,HIGH,9,1,1,UP,1,1,1
413,LEFT,0.8,-16.4,20.6,35.21,234.06,HIGH,9,0,1,UP,1,1,1
414,LEFT,0.81,-16.4,27.31,30.97,371.31,HIGH,9,0,1,UP,1,1,1
415,LEFT,0.82,-16.39,25.89,35.2,333.36,HIGH,9,1,1,UP,1,1,1
416,LEFT,0.83,-16.39,29.32,42.78,50.97,HIGH,9,0,1,UP,1,1,1
417,LEFT,0.84,-16.39,29.41,48.98,74.15,HIGH,9,0,1,UP,1,1,1
418,LEFT,0.85,-16.38,26.28,32.74,372.52,HIGH,9,0,1,UP,1,1,1
419,LEFT,0.86,-16.38,29.41,38.53,456.45,HIGH,9,1,1,UP,1,1,1
420,LEFT,0.87,-16.38,29.96,39.29,233.04,HIGH,9,1,1,UP,1,1,1
421,LEFT,0.87,-16.38,20.57,43.48,469,HIGH,9,1,1,UP,1,1,1
422,LEFT,0.88,-16.37,20.83,44.56,190.25,HIGH,9,1,1,UP,1,1,1
423,LEFT,0.89,-16.37,27.87,33.43,109.16,HIGH,9,0,1,UP,1,1,1
424,LEFT,0.9,-16.37,23.57,39.71,467.13,HIGH,9,0,1,UP,1,1,1
425,LEFT,0.91,-16.36,22.54,31.13,108.69,HIGH,9,0,1,UP,1,1,1
426,LEFT,0.91,-16.36,25.24,33.85,268.89,HIGH,9,0,1,UP,1,1,1
427,LEFT,0.92,-16.36,24.09,31.84,349.8,HIGH,9,1,1,UP,1,1,1
428,LEFT,0.93,-16.36,27.18,48.72,456.18,HIGH,9,1,1,UP,1,1,1
429,LEFT,0.93,-16.36,27.57,37.28,45.29,HIGH,9,1,1,UP,1,1,1
430,LEFT,0.94,-16.35,28.12,30.99,248.64,MED,9,0,1,UP,1,1,1
431,LEFT,0.95,-16.35,29.74,48.18,418.16,MED,9,1,1,UP,1,1,1
432,LEFT,0.95,-16.35,20.93,42.35,319.66,MED,9,0,1,UP,1,1,1
433,LEFT,0.96,-16.35,27.07,39.61,224.43,MED,9,0,1,UP,1,1,1
434,LEFT,0.96,-16.35,20.22,33.95,361.65,MED,9,1,1,UP,1,1,1
435,LEFT,0.97,-16.34,26.59,49.77,400.95,MED,9,1,1,UP,1,1,1
436,LEFT,0.97,-16.34,25.55,46.03,341.41,MED,9,0,1,DOWN,1,1,1
437,LEFT,0.97,-16.34,22.16,40.67,473.69,MED,9,0,1,DOWN,1,1,1
438,LEFT,0.98,-16.34,27.63,48.52,157.32,MED,9,1,1,DOWN,1,1,1
439,LEFT,0.98,-16.34,27.53,42.64,96.94,MED,9,0,1,DOWN,1,1,1
440,LEFT,0.98,-16.34,24.39,38.78,411.56,MED,9,0,1,DOWN,1,1,1
441,LEFT,0.99,-16.34,27.93,49.11,46.95,MED,9,1,1,DOWN,1,1,1
442,LEFT,0.99,-16.34,23.43,46.68,8.26,MED,9,0,1,DOWN,1,1,1
443,LEFT,0.99,-16.34,22.44,46.81,441.29,LOW,9,1,1,DOWN,1,1,1
444,LEFT,0.99,-16.34,29.17,41.29,363.92,LOW,9,1,1,DOWN,1,1,1
445,LEFT,1,-16.33,26.5,36.52,125.4,LOW,9,0,1,DOWN,1,1,1
446,LEFT,1,-16.33,24.77,39.08,148.9,LOW,9,1,1,DOWN,1,1,1
447,LEFT,1,-16.33,27.49,41.38,22.75,LOW,9,1,1,DOWN,1,1,1
448,LEFT,1,-16.33,29.06,39.62,36.03,LOW,9,1,1,DOWN,1,1,1
449,LEFT,1,-16.33,27.7,34.14,143.46,LOW,9,0,1,DOWN,1,1,1
450,LEFT,1,-16.33,28.59,37.99,479.82,LOW,9,1,1,DOWN,1,1,1
451,LEFT,1,-16.33,25.55,44.47,475.45,LOW,9,1,1,DOWN,1,1,1
452,LEFT,1,-16.33,25.17,30.24,142.54,LOW,9,0,1,DOWN,1,1,1
453,LEFT,1,-16.33,25.26,44.02,376.4,LOW,9,0,1,DOWN,1,1,1
454,LEFT,1,-16.33,22.47,48.42,343.56,LOW,9,1,1,DOWN,1,1,1
455,LEFT,1,-16.33,22.78,41.71,284.52,LOW,9,0,1,DOWN,1,1,1
456,LEFT,0.99,-16.34,25.31,39.57,150.89,LOW,9,0,1,DOWN,1,1,1
457,LEFT,0.99,-16.34,28.18,43.12,113.64,LOW,9,1,1,DOWN,1,1,1
458,LEFT,0.99,-16.34,21.25,35.2,281.08,LOW,9,1,1,DOWN,1,1,1
459,LEFT,0.99,-16.34,21.37,37.16,365.44,LOW,9,1,1,DOWN,1,1,1
460,LEFT,0.98,-16.34,22.52,44.81,232.71,LOW,9,0,1,DOWN,1,1,1
461,LEFT,0.98,-16.34,23.32,33.3,149,LOW,9,0,1,DOWN,1,1,1
462,LEFT,0.98,-16.34,26.92,37.74,179.66,LOW,9,1,1,DOWN,1,1,1
463,LEFT,0.97,-16.34,26.34,34.21,384.78,LOW,9,1,1,DOWN,1,1,1
464,LEFT,0.97,-16.34,22.8,30.58,350.36,LOW,9,0,1,DOWN,1,1,1
465,LEFT,0.97,-16.34,28.24,46.53,469.49,LOW,9,0,1,DOWN,1,1,1
466,LEFT,0.96,-16.35,22.98,40.94,94.59,LOW,9,0,1,DOWN,1,1,1
467,LEFT,0.96,-16.35,27.49,41,259.96,LOW,9,1,1,DOWN,1,1,1
468,LEFT,0.95,-16.35,27.71,40.13,449.99,LOW,9,0,1,DOWN,1,1,1
469,LEFT,0.95,-16.35,23.43,49.94,236.54,LOW,9,0,1,DOWN,1,1,1
470,LEFT,0.94,-16.35,29.97,43.64,35.11,LOW,9,0,1,DOWN,1,1,1
471,LEFT,0.93,-16.36,26.9,33.2,249.71,LOW,9,0,1,DOWN,1,1,1
472,LEFT,0.93,-16.36,25.65,44.32,361.53,LOW,9,1,1,DOWN,1,1,1
473,RIGHT,0.92,-16.36,26.55,49.53,27.65,LOW,9,0,1,DOWN,1,1,1
474,RIGHT,0.91,-16.36,21.99,34.83,5.99,LOW,9,0,1,DOWN,1,1,1
475,RIGHT,0.91,-16.36,25.43,48.44,438.56,LOW,9,0,1,DOWN,1,1,1
476,RIGHT,0.9,-16.37,27.7,35.77,182.02,LOW,9,0,1,DOWN,1,1,1
477,RIGHT,0.89,-16.37,29.09,48.78,370.79,LOW,9,0,1,DOWN,1,1,1
478,RIGHT,0.88,-16.37,27.6,36.51,330.09,LOW,9,1,1,DOWN,1,1,1
479,RIGHT,0.87,-16.38,29.15,47.44,313.74,LOW,9,1,1,DOWN,1,1,1
480,RIGHT,0.87,-16.38,27.34,38.57,118.11,LOW,9,1,1,DOWN,1,1,1
481,RIGHT,0.86,-16.38,26.1,42.3,182.87,LOW,9,0,1,DOWN,1,1,1
482,RIGHT,0.85,-16.38,26.44,44.47,266.58,LOW,9,0,1,DOWN,1,1,1
483,RIGHT,0.84,-16.39,23.6,48.61,495.83,LOW,9,0,1,DOWN,1,1,1
484,RIGHT,0.83,-16.39,25.39,47.9,450.36,LOW,9,0,1,DOWN,1,1,1
485,RIGHT,0.82,-16.39,23.6,44.03,460.57,LOW,9,0,1,DOWN,1,1,1
486,RIGHT,0.81,-16.4,23.55,46.13,230.61,LOW,9,1,1,DOWN,1,1,1
487,RIGHT,0.8,-16.4,23.02,35.14,129.85,LOW,9,1,1,DOWN,1,1,1
488,RIGHT,0.79,-16.4,24.06,31.51,94.24,LOW,9,0,1,DOWN,1,1,1
489,RIGHT,0.78,-16.41,29.19,39.48,113.35,LOW,9,1,1,DOWN,1,1,1
490,RIGHT,0.77,-16.41,27.87,48.2,286.76,LOW,9,0,1,DOWN,1,1,1
491,RIGHT,0.75,-16.42,20.26,37.39,39.95,LOW,9,1,1,DOWN,1,1,1
492,RIGHT,0.74,-16.42,20.31,31.35,370.84,LOW,9,1,1,DOWN,1,1,1
493,RIGHT,0.73,-16.42,23.21,37.2,99.02,LOW,9,1,1,DOWN,1,1,1
494,RIGHT,0.72,-16.43,26.9,34.53,146.51,LOW,9,1,1,DOWN,1,1,1
495,RIGHT,0.71,-16.43,24.17,40.97,361.78,LOW,9,1,1,DOWN,1,1,1
496,RIGHT,0.69,-16.44,23.11,31.4,252.76,LOW,9,0,1,DOWN,1,1,1
497,RIGHT,0.68,-16.44,24.9,35.42,106.13,LOW,9,1,1,DOWN,1,1,1
498,RIGHT,0.67,-16.44,20.44,47.92,323.52,LOW,9,1,1,DOWN,1,1,1
499,RIGHT,0.66,-16.45,25.21,39.61,70.19,LOW,9,0,1,DOWN,1,1,1
500,RIGHT,0.64,-16.45,25.28,35.43,204.93,LOW,9,1,1,DOWN,1,1,1
501,RIGHT,0.63,-16.46,26.23,46.19,299.62,LOW,9,1,1,DOWN,1,1,1
502,RIGHT,0.62,-16.46,21.23,41.4,165.61,LOW,9,1,1,DOWN,1,1,1
503,RIGHT,0.6,-16.47,20.85,33.9,433.39,LOW,9,0,1,DOWN,1,1,1
504,RIGHT,0.59,-16.47,29.45,37.87,369.22,LOW,9,1,1,DOWN,1,1,1
505,RIGHT,0.57,-16.48,27.98,40.61,278.11,LOW,9,1,1,DOWN,1,1,1
506,RIGHT,0.56,-16.48,22.06,46.43,91.87,LOW,9,1,1,DOWN,1,1,1
507,RIGHT,0.54,-16.49,20.79,37.33,332.32,LOW,9,1,1,DOWN,1,1,1
508,RIGHT,0.53,-16.49,24.01,48.18,463.68,LOW,9,1,1,DOWN,1,1,1
509,RIGHT,0.52,-16.49,26.96,46.5,97.77,LOW,9,0,1,DOWN,1,1,1
510,RIGHT,0.5,-16.5,23.94,32.26,116.75,LOW,9,1,1,DOWN,1,1,1
511,RIGHT,0.48,-16.51,26.37,38.08,2.48,LOW,9,0,1,DOWN,1,1,1
512,RIGHT,0.47,-16.51,24.84,44.51,316.39,LOW,9,1,1,DOWN,1,1,1
513,RIGHT,0.45,-16.52,20.68,37.19,36.84,LOW,9,1,1,DOWN,1,1,1
514,RIGHT,0.44,-16.52,21.37,36.39,292.9,LOW,9,0,1,DOWN,1,1,1
515,RIGHT,0.42,-16.53,21.22,42.91,106.97,LOW,9,1,1,DOWN,1,1,1
516,RIGHT,0.41,-16.53,27.38,34.21,85.63,LOW,9,1,1,DOWN,1,1,1
517,RIGHT,0.39,-16.54,21.81,32.67,156.68,LOW,9,1,1,DOWN,1,1,1
518,RIGHT,0.37,-16.54,29.95,30,164.52,LOW,9,1,1,DOWN,1,1,1
519,RIGHT,0.36,-16.55,21.24,33.31,437.24,LOW,9,1,1,DOWN,1,1,1
520,RIGHT,0.34,-16.55,27.4,48.61,4.07,LOW,9,1,1,DOWN,1,1,1
521,RIGHT,0.33,-16.56,22.66,38.46,343.85,LOW,9,1,1,DOWN,1,1,1
522,RIGHT,0.31,-16.56,28.16,42.44,347.93,LOW,9,1,1,DOWN,1,1,1
523,RIGHT,0.29,-16.57,29.6,31.52,153.94,LOW,9,0,1,DOWN,1,1,1
524,RIGHT,0.28,-16.57,25.55,47.1,199.79,LOW,9,0,1,DOWN,1,1,1
525,RIGHT,0.26,-16.58,22.25,38.31,461.19,LOW,9,1,1,DOWN,1,1,1
526,RIGHT,0.24,-16.59,24.6,40.19,323.81,LOW,9,1,1,DOWN,1,1,1
527,RIGHT,0.22,-16.59,23.49,36.86,78.27,LOW,9,0,1,DOWN,1,1,1
528,RIGHT,0.21,-16.6,27.3,44.22,109.57,LOW,9,1,1,DOWN,1,1,1
529,RIGHT,0.19,-16.6,28.3,42.92,12.26,LOW,9,1,1,DOWN,1,1,1
530,RIGHT,0.17,-16.61,27.47,41.12,55.91,LOW,9,1,1,DOWN,1,1,1
531,RIGHT,0.16,-16.61,26.87,38.87,103.94,LOW,9,1,1,DOWN,1,1,1
532,RIGHT,0.14,-16.62,22.07,44.92,371.93,LOW,9,0,1,DOWN,1,1,1
533,RIGHT,0.12,-16.63,22.79,47.12,480.72,LOW,9,1,1,DOWN,1,1,1
534,RIGHT,0.1,-16.63,27.77,45,434.59,LOW,9,0,1,DOWN,1,1,1
535,RIGHT,0.09,-16.64,20.04,42.66,350.59,LOW,9,1,1,DOWN,1,1,1
536,RIGHT,0.07,-16.64,24.76,48.24,95.08,LOW,9,0,1,DOWN,1,1,1
537,RIGHT,0.05,-16.65,20.23,34.01,225.26,LOW,9,1,1,DOWN,1,1,1
538,RIGHT,0.03,-16.66,27.01,46.08,62.33,LOW,9,0,1,DOWN,1,1,1
539,RIGHT,0.02,-16.66,20.09,41.97,213.85,LOW,9,1,1,DOWN,1,1,1
540,RIGHT,0,-16.67,21.93,33.57,463.74,LOW,9,0,1,DOWN,1,1,1
541,RIGHT,-0.02,-16.67,21.53,46.66,377.86,LOW,9,0,1,DOWN,1,1,1
542,RIGHT,-0.03,-16.68,24.02,35.96,426.61,LOW,9,1,1,DOWN,1,1,1
543,RIGHT,-0.05,-16.68,21.2,40.62,353.31,LOW,9,0,1,DOWN,1,1,1
544,RIGHT,-0.07,-16.69,29.14,43.91,175.97,LOW,9,0,1,DOWN,1,1,1
545,RIGHT,-0.09,-16.7,27.86,33.27,113.21,LOW,9,1,1,DOWN,1,1,1
546,RIGHT,-0.1,-16.7,25.93,38.09,23.47,LOW,9,0,1,DOWN,1,1,1
547,RIGHT,-0.12,-16.71,23.83,46.68,392.61,LOW,9,0,1,DOWN,1,1,1
548,RIGHT,-0.14,-16.71,22.91,40.04,230.01,LOW,9,0,1,DOWN,1,1,1
549,RIGHT,-0.16,-16.72,29.48,41.59,89.36,LOW,9,1,1,DOWN,1,1,1
550,RIGHT,-0.17,-16.72,23.75,47.74,361.07,LOW,9,1,1,UP,1,1,1
551,RIGHT,-0.19,-16.73,23.53,34.87,203.04,LOW,9,1,1,UP,1,1,1
552,RIGHT,-0.21,-16.74,29.01,42.29,286.58,LOW,9,1,1,UP,1,1,1
553,RIGHT,-0.22,-16.74,25.69,30.32,452.46,LOW,9,1,1,UP,1,1,1
554,RIGHT,-0.24,-16.75,21.76,41.14,16.35,LOW,9,0,1,UP,1,1,1
555,RIGHT,-0.26,-16.75,27.34,39.26,199.52,LOW,9,1,1,UP,1,1,1
556,RIGHT,-0.28,-16.76,26.13,45.69,272.92,LOW,9,0,1,UP,1,1,1
557,RIGHT,-0.29,-16.76,24.52,31.28,222.18,LOW,9,0,1,UP,1,1,1
558,RIGHT,-0.31,-16.77,20.08,31.56,137.19,LOW,9,0,1,UP,1,1,1
559,RIGHT,-0.33,-16.78,24.8,41.45,10.85,LOW,9,0,1,UP,1,1,1
560,RIGHT,-0.34,-16.78,27.78,44.87,91.62,LOW,9,1,1,UP,1,1,1
561,RIGHT,-0.36,-16.79,29.18,47.38,140.68,LOW,9,0,1,UP,1,1,1
562,RIGHT,-0.37,-16.79,28.2,37.36,435.55,LOW,9,1,1,UP,1,1,1
563,RIGHT,-0.39,-16.8,28.67,35.57,145.28,LOW,9,1,1,UP,1,1,1
564,RIGHT,-0.41,-16.8,29.28,31.11,431.98,LOW,9,0,1,UP,1,1,1
565,RIGHT,-0.42,-16.81,29.71,38.89,394.98,LOW,9,0,1,UP,1,1,1
566,RIGHT,-0.44,-16.81,22.97,44.29,152.39,LOW,9,0,1,UP,1,1,1
567,RIGHT,-0.45,-16.82,26.97,36.71,485.04,LOW,9,1,1,UP,1,1,1
568,RIGHT,-0.47,-16.82,29.1,42.75,230.55,LOW,9,0,1,UP,1,1,1
569,RIGHT,-0.48,-16.83,26.05,36.6,261.56,LOW,9,0,1,UP,1,1,1
570,RIGHT,-0.5,-16.83,22.8,41.32,273.04,LOW,9,0,1,UP,1,1,1
571,RIGHT,-0.52,-16.84,25.63,31.39,195.49,LOW,9,1,1,UP,1,1,1
572,RIGHT,-0.53,-16.84,29.16,30.34,362.23,LOW,9,0,1,UP,1,1,1
573,RIGHT,-0.54,-16.85,20.96,39.71,39.16,LOW,9,0,1,UP,1,1,1
574,RIGHT,-0.56,-16.85,21.55,38.09,62.69,LOW,9,1,1,UP,1,1,1
575,RIGHT,-0.57,-16.86,24.31,39.15,271.28,LOW,9,0,1,UP,1,1,1
576,RIGHT,-0.59,-16.86,22.98,30.26,343.11,LOW,9,1,1,UP,1,1,1
577,RIGHT,-0.6,-16.87,23.39,47.14,227.24,LOW,9,0,1,UP,1,1,1
578,RIGHT,-0.62,-16.87,22.96,49.44,495.17,LOW,9,0,1,UP,1,1,1
579,RIGHT,-0.63,-16.88,25.35,33.97,395.98,LOW,9,1,1,UP,1,1,1
580,RIGHT,-0.64,-16.88,28.63,49.83,97.63,LOW,9,0,1,UP,1,1,1
581,RIGHT,-0.66,-16.89,25.51,37.56,49.63,LOW,9,1,1,UP,1,1,1
582,RIGHT,-0.67,-16.89,22.17,31.42,169.08,LOW,9,1,1,UP,1,1,1
583,RIGHT,-0.68,-16.89,29.53,31.67,413.92,LOW,9,1,1,UP,1,1,1
584,RIGHT,-0.69,-16.9,29.67,32.59,234.33,LOW,9,0,1,UP,1,1,1
585,RIGHT,-0.71,-16.9,26.94,30.8,467.62,LOW,9,1,1,UP,1,1,1
586,RIGHT,-0.72,-16.91,26.55,49.42,119.47,LOW,9,1,1,UP,1,1,1
587,RIGHT,-0.73,-16.91,26.98,38.02,248.69,LOW,9,1,1,UP,1,1,1
588,LEFT,-0.74,-16.91,20.73,41.74,247.48,LOW,9,1,1,UP,1,1,1
589,LEFT,-0.75,-16.92,24.14,40.06,414.29,LOW,9,0,1,UP,1,1,1
590,LEFT,-0.77,-16.92,28.39,35.82,179.89,LOW,9,0,1,UP,1,1,1
591,LEFT,-0.78,-16.93,29.08,48.16,364.46,LOW,9,1,1,UP,1,1,1
592,LEFT,-0.79,-16.93,26.35,35.53,222.38,LOW,9,1,1,UP,1,1,1
593,LEFT,-0.8,-16.93,29.26,33.93,62.7,LOW,9,0,1,UP,1,1,1
594,LEFT,-0.81,-16.94,20.63,35.13,305.26,LOW,9,0,1,UP,1,1,1
595,LEFT,-0.82,-16.94,23.15,43.54,29.55,LOW,9,0,1,UP,1,1,1
596,LEFT,-0.83,-16.94,20.85,39.37,317.24,LOW,9,0,1,UP,1,1,1
597,LEFT,-0.84,-16.95,28.35,33.08,494.79,LOW,9,1,1,UP,1,1,1
598,LEFT,-0.85,-16.95,20.86,48.77,170.09,LOW,9,1,1,UP,1,1,1
599,LEFT,-0.86,-16.95,28.55,35.18,34.92,LOW,9,0,1,UP,1,1,1
600,LEFT,-0.87,-16.96,27.35,37.56,295.12,LOW,9,1,1,UP,1,1,1
601,LEFT,-0.87,-16.96,21.1,32.41,11.53,LOW,9,0,1,UP,1,1,1
602,LEFT,-0.88,-16.96,25.48,39.05,205.28,LOW,9,1,1,UP,1,1,1
603,RIGHT,-0.89,-16.96,20.12,36.45,220,LOW,9,1,1,UP,1,1,1
604,RIGHT,-0.9,-16.97,29.09,31.94,135.21,LOW,9,1,1,UP,1,1,1
605,RIGHT,-0.91,-16.97,27.39,32.27,134.76,LOW,9,0,1,UP,1,1,1
606,RIGHT,-0.91,-16.97,23.64,46.01,157.27,LOW,9,0,1,UP,1,1,1
607,RIGHT,-0.92,-16.97,25.49,48.53,150.07,LOW,9,0,1,UP,1,1,1
608,RIGHT,-0.93,-16.98,21.4,36.14,93.16,LOW,9,0,1,UP,1,1,1
609,RIGHT,-0.93,-16.98,22.74,37.97,371.79,LOW,9,0,1,UP,1,1,1
610,RIGHT,-0.94,-16.98,23.93,36.41,454.33,LOW,9,1,1,UP,1,1,1
611,RIGHT,-0.95,-16.98,22.85,49.97,173.17,LOW,9,1,1,UP,1,1,1
612,RIGHT,-0.95,-16.98,25.71,39.11,185.75,LOW,9,0,1,UP,1,1,1
613,RIGHT,-0.96,-16.99,24.37,33.53,438.94,LOW,9,0,1,UP,1,1,1
614,RIGHT,-0.96,-16.99,29.8,47.86,205.65,LOW,9,1,1,UP,1,1,1
615,RIGHT,-0.97,-16.99,28.59,45.65,103.57,LOW,9,1,1,UP,1,1,1
616,RIGHT,-0.97,-16.99,27.51,49.53,280.59,LOW,9,1,1,UP,1,1,1
617,RIGHT,-0.97,-16.99,23.67,36.63,74.77,LOW,9,1,1,UP,1,1,1
618,RIGHT,-0.98,-16.99,28.92,46.82,313.1,LOW,9,1,1,UP,1,1,1
619,RIGHT,-0.98,-16.99,27.2,36.12,141.29,LOW,9,0,1,UP,1,1,1
620,RIGHT,-0.98,-16.99,25.5,37.09,279.24,LOW,9,0,1,UP,1,1,1
621,RIGHT,-0.99,-17,24.04,48.65,7.5,LOW,9,1,1,UP,1,1,1
622,RIGHT,-0.99,-17,20.74,30.79,430.97,LOW,9,0,1,UP,1,1,1
623,RIGHT,-0.99,-17,24.55,39.03,93.65,LOW,9,1,1,UP,1,1,1
624,RIGHT,-0.99,-17,27.4,41.22,3.98,LOW,9,1,1,UP,1,1,1
625,RIGHT,-1,-17,22.49,32.17,81.68,LOW,9,0,1,UP,1,1,1
626,RIGHT,-1,-17,22.38,39.29,310.58,LOW,9,1,1,UP,1,1,1
627,RIGHT,-1,-17,20.63,36.57,256.87,LOW,9,1,1,UP,1,1,1
628,RIGHT,-1,-17,22.74,39.15,75.9,LOW,9,1,1,UP,1,1,1
629,RIGHT,-1,-17,24.77,37.79,465.85,LOW,9,1,1,UP,1,1,1
630,RIGHT,-1,-17,28.39,37.44,179.84,LOW,9,1,1,UP,1,1,1
631,RIGHT,-1,-17,25.3,31.53,90.89,LOW,9,1,1,UP,1,1,1
632,RIGHT,-1,-17,22.04,47.24,463.93,LOW,9,1,1,UP,1,1,1
633,RIGHT,-1,-17,20.6,42.98,81.55,LOW,9,0,1,UP,1,1,1
634,RIGHT,-1,-17,22.65,40.39,309.81,LOW,9,1,1,UP,1,1,1
635,RIGHT,-1,-17,24.36,47.6,377.9,LOW,9,1,1,UP,1,1,1
636,RIGHT,-0.99,-17,22.8,35.89,277.21,LOW,9,1,1,UP,1,1,1
637,RIGHT,-0.99,-17,22.31,36.07,474.91,LOW,9,0,1,UP,1,1,1
638,RIGHT,-0.99,-17,24.92,42.53,165.3,LOW,9,0,1,UP,1,1,1
639,RIGHT,-0.99,-17,29.1,34.11,266.03,LOW,9,1,1,UP,1,1,1
640,RIGHT,-0.98,-16.99,21.66,47.15,433.11,LOW,9,1,1,UP,1,1,1
641,RIGHT,-0.98,-16.99,26.24,47.14,461.18,LOW,9,1,1,UP,1,1,1
642,RIGHT,-0.98,-16.99,20.21,34.44,305.12,LOW,9,0,1,UP,1,1,1
643,RIGHT,-0.97,-16.99,23.81,32.51,452.29,LOW,9,1,1,UP,1,1,1
644,RIGHT,-0.97,-16.99,23.74,45.11,351.87,LOW,9,1,1,UP,1,1,1
645,RIGHT,-0.97,-16.99,23.6,31.99,159.84,LOW,9,0,1,UP,1,1,1
646,RIGHT,-0.96,-16.99,27.29,41.55,16.31,LOW,9,0,1,UP,1,1,1
647,RIGHT,-0.96,-16.99,29.7,47.81,356.21,LOW,9,1,1,UP,1,1,1
648,RIGHT,-0.95,-16.98,28.86,42.4,69.57,LOW,9,1,1,UP,1,1,1
649,RIGHT,-0.95,-16.98,28.34,31.85,143.73,LOW,9,1,1,UP,1,1,1
650,RIGHT,-0.94,-16.98,28.34,46.89,352.04,LOW,9,1,1,UP,1,1,1
651,RIGHT,-0.93,-16.98,21.15,35.83,469.55,LOW,9,0,1,UP,1,1,1
652,RIGHT,-0.93,-16.98,22.99,42.31,345.85,LOW,9,1,1,UP,1,1,1
653,RIGHT,-0.92,-16.97,25.48,35.49,222.31,LOW,9,1,1,UP,1,1,1
654,RIGHT,-0.91,-16.97,22.8,40.86,26.46,LOW,9,0,1,UP,1,1,1
655,RIGHT,-0.91,-16.97,20.77,42.43,136.82,LOW,9,1,1,UP,1,1,1
656,RIGHT,-0.9,-16.97,22.18,31.22,457.9,LOW,9,0,1,UP,1,1,1
657,RIGHT,-0.89,-16.96,24.24,46.71,282.48,LOW,9,0,1,UP,1,1,1
658,RIGHT,-0.88,-16.96,28.14,34.36,315.98,LOW,9,1,1,UP,1,1,1
659,RIGHT,-0.87,-16.96,20.06,30.27,64.09,LOW,9,1,1,UP,1,1,1
660,RIGHT,-0.87,-16.96,26.36,34.84,163.42,LOW,9,0,1,UP,1,1,1
661,RIGHT,-0.86,-16.95,27.11,43.05,15.17,LOW,9,1,1,UP,1,1,1
662,RIGHT,-0.85,-16.95,27.13,42.91,334.97,LOW,9,1,1,UP,1,1,1
663,RIGHT,-0.84,-16.95,23.11,44.86,200.51,LOW,9,0,1,UP,1,1,1
664,RIGHT,-0.83,-16.94,29.29,34.32,59.17,LOW,9,1,1,UP,1,1,1
665,RIGHT,-0.82,-16.94,22.4,30.84,422.22,LOW,9,0,1,UP,1,1,1
666,RIGHT,-0.81,-16.94,27.57,48.35,207.9,LOW,9,1,1,UP,1,1,1
667,RIGHT,-0.8,-16.93,20.4,34.69,79.58,LOW,9,0,1,UP,1,1,1
668,RIGHT,-0.79,-16.93,24.78,47.87,106.14,LOW,9,1,1,UP,1,1,1
669,RIGHT,-0.78,-16.93,25.97,41.32,248.44,LOW,9,1,1,UP,1,1,1
670,RIGHT,-0.77,-16.92,22.85,37.23,76.97,LOW,9,1,1,UP,1,1,1
671,RIGHT,-0.75,-16.92,28.24,45.09,27.2,LOW,9,1,1,UP,1,1,1
672,RIGHT,-0.74,-16.91,26.23,42.63,443.76,LOW,9,1,1,UP,1,1,1
673,RIGHT,-0.73,-16.91,25.33,36.84,210.43,LOW,9,0,1,UP,1,1,1
674,RIGHT,-0.72,-16.91,24.88,38.96,352.17,LOW,9,0,1,UP,1,1,1
675,RIGHT,-0.71,-16.9,20.18,49.13,346.1,LOW,9,1,1,UP,1,1,1
676,RIGHT,-0.69,-16.9,20.05,49.45,302.19,LOW,9,0,1,UP,1,1,1
677,RIGHT,-0.68,-16.89,25.48,33.88,280.54,LOW,9,0,1,UP,1,1,1
678,RIGHT,-0.67,-16.89,23.37,37.35,377.86,LOW,9,0,1,UP,1,1,1
679,RIGHT,-0.66,-16.89,29.86,33.49,406.54,LOW,9,0,1,UP,1,1,1
680,RIGHT,-0.64,-16.88,21.91,40.77,340.62,LOW,9,1,1,UP,1,1,1
681,RIGHT,-0.63,-16.88,27.67,47.43,94.13,LOW,9,1,1,UP,1,1,1
682,RIGHT,-0.62,-16.87,26.2,36.07,284.92,LOW,9,1,1,UP,1,1,1
683,RIGHT,-0.6,-16.87,26.55,46.36,403.02,LOW,9,0,1,UP,1,1,1
684,RIGHT,-0.59,-16.86,24.63,47.06,420.41,LOW,9,0,1,UP,1,1,1
685,RIGHT,-0.57,-16.86,25.52,39.14,81.84,LOW,9,0,1,UP,1,1,1
686,RIGHT,-0.56,-16.85,28.6,47.57,302.36,LOW,9,1,1,UP,1,1,1
687,RIGHT,-0.54,-16.85,20.08,30.11,192.36,LOW,9,1,1,UP,1,1,1
688,RIGHT,-0.53,-16.84,29.76,41.49,149.39,LOW,9,0,1,UP,1,1,1
689,RIGHT,-0.52,-16.84,29.52,41.39,303.56,LOW,9,0,1,UP,1,1,1
690,RIGHT,-0.5,-16.83,25.7,30.59,340.36,LOW,9,1,1,UP,1,1,1
691,RIGHT,-0.48,-16.83,24.54,44.68,356.3,LOW,9,0,1,UP,1,1,1
692,RIGHT,-0.47,-16.82,21.22,38.15,444.27,LOW,9,1,1,UP,1,1,1
693,RIGHT,-0.45,-16.82,22.83,42.78,68.29,LOW,9,0,1,UP,1,1,1
694,RIGHT,-0.44,-16.81,20.93,40.61,321.04,LOW,9,1,1,UP,1,1,1
695,RIGHT,-0.42,-16.81,28.07,42.32,261.71,LOW,9,1,1,UP,1,1,1
696,RIGHT,-0.41,-16.8,22.55,46.09,4.14,LOW,9,1,1,UP,1,1,1
697,RIGHT,-0.39,-16.8,24.75,39.67,323.41,LOW,9,0,1,UP,1,1,1
698,RIGHT,-0.37,-16.79,26,32.18,366.1,LOW,9,0,1,UP,1,1,1
699,RIGHT,-0.36,-16.79,28.74,37.33,289.69,LOW,9,0,1,UP,1,1,1
700,RIGHT,-0.34,-16.78,25.56,46.39,150.15,LOW,9,1,1,UP,1,1,1
701,RIGHT,-0.33,-16.78,25.64,34.38,149.69,LOW,9,1,1,UP,1,1,1
702,RIGHT,-0.31,-16.77,27.34,47.49,357.42,LOW,9,0,1,UP,1,1,1
703,RIGHT,-0.29,-16.76,28.39,31.2,322.72,LOW,9,0,1,UP,1,1,1
704,RIGHT,-0.28,-16.76,29.56,38.73,127.39,LOW,9,0,1,UP,1,1,1
705,RIGHT,-0.26,-16.75,29.09,45.6,233.03,LOW,9,0,1,UP,1,1,1
706,RIGHT,-0.24,-16.75,27.56,31.46,129.45,LOW,9,1,1,UP,1,1,1
707,RIGHT,-0.22,-16.74,24.43,45.62,336.69,LOW,9,1,1,UP,1,1,1
708,RIGHT,-0.21,-16.74,25.64,38.29,336.81,LOW,9,1,1,UP,1,1,1
709,RIGHT,-0.19,-16.73,28.22,32.8,232.94,LOW,9,1,1,UP,1,1,1
710,RIGHT,-0.17,-16.72,23.46,47.67,291.46,LOW,9,0,1,UP,1,1,1
711,RIGHT,-0.16,-16.72,27.81,36.57,232.97,LOW,9,1,1,UP,1,1,1
712,LEFT,-0.14,-16.71,26.77,41.89,74.28,LOW,9,1,1,UP,1,1,1
713,LEFT,-0.12,-16.71,27.3,47.49,356.75,LOW,9,1,1,UP,1,1,1
714,LEFT,-0.1,-16.7,21.5,43.62,273.74,LOW,9,0,1,UP,1,1,1
715,LEFT,-0.09,-16.7,29.99,36.89,493.07,LOW,9,1,1,UP,1,1,1
716,LEFT,-0.07,-16.69,22.43,44.37,321.32,LOW,9,1,1,UP,1,1,1
717,LEFT,-0.05,-16.68,22.75,42.42,71.03,LOW,9,1,1,UP,1,1,1
718,LEFT,-0.03,-16.68,26.7,45.31,76.37,LOW,9,1,1,UP,1,1,1
719,LEFT,-0.02,-16.67,26.64,44.65,169.15,LOW,9,0,1,UP,1,1,1
720,LEFT,0,-16.67,20.81,47.01,279.04,LOW,9,1,1,UP,1,1,1
721,LEFT,0.02,-16.66,22.72,40,33.53,LOW,9,0,1,UP,1,1,1
722,LEFT,0.03,-16.66,29.67,46.51,305.05,LOW,9,1,1,UP,1,1,1
723,LEFT,0.05,-16.65,28.18,42.11,333.93,LOW,9,1,1,UP,1,1,1
724,LEFT,0.07,-16.64,23.45,33.03,349.36,LOW,9,1,1,UP,1,1,1
725,LEFT,0.09,-16.64,24.01,44.37,361.93,LOW,9,1,1,UP,1,1,1
726,LEFT,0.1,-16.63,27.42,32.73,367.52,LOW,9,0,1,UP,1,1,1
727,LEFT,0.12,-16.63,22.47,39.95,153.82,LOW,9,0,1,UP,1,1,1
728,LEFT,0.14,-16.62,21.96,43.17,175.77,LOW,9,0,1,UP,1,1,1
729,LEFT,0.16,-16.61,29.54,37.92,295.15,LOW,9,1,1,UP,1,1,1
730,LEFT,0.17,-16.61,28.82,36.54,234.34,LOW,9,0,1,UP,1,1,1
731,LEFT,0.19,-16.6,27.54,40.85,164.1,LOW,9,0,1,UP,1,1,1
732,LEFT,0.21,-16.6,28.23,48.46,31.66,LOW,9,0,1,UP,1,1,1
733,LEFT,0.22,-16.59,29.27,31.19,65.02,LOW,9,0,1,UP,1,1,1
734,LEFT,0.24,-16.59,24.5,39.38,91.23,LOW,9,1,1,UP,1,1,1
735,LEFT,0.26,-16.58,28.9,47.1,450.97,LOW,9,0,1,UP,1,1,1
736,LEFT,0.28,-16.57,26.04,49.31,204.1,LOW,9,1,1,UP,1,1,1
737,LEFT,0.29,-16.57,24.08,42.23,305.44,LOW,9,1,1,UP,1,1,1
738,LEFT,0.31,-16.56,24.13,48.83,302.83,LOW,9,0,1,UP,1,1,1
739,LEFT,0.33,-16.56,26.37,37.8,104.44,LOW,9,1,1,UP,1,1,1
740,LEFT,0.34,-16.55,20.88,39.93,42.87,LOW,9,0,1,UP,1,1,1
741,LEFT,0.36,-16.55,21.82,33.91,344.1,LOW,9,0,1,UP,1,1,1
742,LEFT,0.37,-16.54,28.99,49.09,216.74,LOW,9,0,1,UP,1,1,1
743,LEFT,0.39,-16.54,28.15,48.69,103.94,LOW,9,1,1,UP,1,1,1
744,LEFT,0.41,-16.53,25.93,44.38,456.65,LOW,9,1,1,UP,1,1,1
745,LEFT,0.42,-16.53,25.96,33.8,26.33,LOW,9,1,1,UP,1,1,1
746,LEFT,0.44,-16.52,28.41,36.32,9.48,LOW,9,0,1,UP,1,1,1
747,LEFT,0.45,-16.52,26.69,38.13,194.85,LOW,9,0,1,UP,1,1,1
748,LEFT,0.47,-16.51,29.85,39.14,439.87,LOW,9,0,1,UP,1,1,1
749,LEFT,0.48,-16.51,25.41,41.05,316.48,HIGH,9,1,1,UP,1,1,1
750,LEFT,0.5,-16.5,22.67,43.84,21.19,HIGH,9,1,1,UP,1,1,1
751,LEFT,0.52,-16.49,23.89,31.72,21.57,HIGH,9,0,1,UP,1,1,1
752,LEFT,0.53,-16.49,28.8,49.24,296.17,HIGH,9,1,1,DOWN,1,1,1
753,LEFT,0.54,-16.49,22.19,32.61,171.2,HIGH,9,0,1,DOWN,1,1,1
754,LEFT,0.56,-16.48,28.61,39.91,67.35,HIGH,9,1,1,DOWN,1,1,1
755,LEFT,0.57,-16.48,26.31,33.89,99.16,HIGH,9,1,1,DOWN,1,1,1
756,LEFT,0.59,-16.47,24.1,35.92,424.21,LOW,9,0,1,DOWN,1,1,1
757,LEFT,0.6,-16.47,22.01,33.57,310.81,LOW,9,1,1,DOWN,1,1,1
758,LEFT,0.62,-16.46,26.49,33.78,98.99,LOW,9,1,1,DOWN,1,1,1
759,LEFT,0.63,-16.46,23.29,32.17,61.17,LOW,9,0,1,DOWN,1,1,1
760,LEFT,0.64,-16.45,23.93,43.06,165.08,LOW,9,0,1,DOWN,1,1,1
761,LEFT,0.66,-16.45,29.08,45.82,498.63,LOW,9,0,1,DOWN,1,1,1
762,LEFT,0.67,-16.44,26.27,44.6,126.95,LOW,9,1,1,DOWN,1,1,1
763,LEFT,0.68,-16.44,27.87,38.99,261.3,LOW,9,0,1,DOWN,1,1,1
764,LEFT,0.69,-16.44,21,33.23,35.38,LOW,9,0,1,DOWN,1,1,1
765,LEFT,0.71,-16.43,21.02,35.7,295.09,LOW,9,1,1,DOWN,1,1,1
766,LEFT,0.72,-16.43,24.31,38.12,166.75,LOW,9,1,1,DOWN,1,1,1
767,LEFT,0.73,-16.42,25.29,33.38,192.43,LOW,9,0,1,DOWN,1,1,1
768,LEFT,0.74,-16.42,26.63,46.57,30.86,LOW,9,1,1,DOWN,1,1,1
769,LEFT,0.75,-16.42,23.52,49.44,175.1,LOW,9,0,1,DOWN,1,1,1
770,LEFT,0.77,-16.41,29.93,31.27,297.44,LOW,9,0,1,DOWN,1,1,1
771,LEFT,0.78,-16.41,22.74,47.18,48.88,LOW,9,1,1,DOWN,1,1,1
772,LEFT,0.79,-16.4,23.37,47.76,430.58,LOW,9,1,1,DOWN,1,1,1
773,LEFT,0.8,-16.4,22.43,35.61,430.92,LOW,9,0,1,DOWN,1,1,1
774,LEFT,0.81,-16.4,21.26,34.29,325.73,LOW,9,1,1,DOWN,1,1,1
775,LEFT,0.82,-16.39,23.36,43.64,199.32,LOW,9,0,1,DOWN,1,1,1
776,LEFT,0.83,-16.39,29.08,36.41,348.48,LOW,9,1,1,DOWN,1,1,1
777,LEFT,0.84,-16.39,21.99,49.34,325.76,LOW,9,1,1,DOWN,1,1,1
778,LEFT,0.85,-16.38,24.97,48.15,90.19,LOW,9,0,1,DOWN,1,1,1
779,LEFT,0.86,-16.38,24.42,42.97,164.04,LOW,9,1,1,DOWN,1,1,1
780,LEFT,0.87,-16.38,25.65,36.33,472.41,LOW,9,0,1,DOWN,1,1,1
781,LEFT,0.87,-16.38,27.17,47.5,61.8,LOW,9,0,1,DOWN,1,1,1
782,LEFT,0.88,-16.37,25.66,42.95,439.88,LOW,9,0,1,DOWN,1,1,1
783,LEFT,0.89,-16.37,21.91,44.1,121.7,LOW,9,0,1,DOWN,1,1,1
784,LEFT,0.9,-16.37,25.82,31.64,297.95,LOW,9,0,1,DOWN,1,1,1
785,LEFT,0.91,-16.36,28.59,49.76,49.5,LOW,9,0,1,DOWN,1,1,1
786,LEFT,0.91,-16.36,24.23,47.79,472.63,LOW,9,1,1,DOWN,1,1,1
787,LEFT,0.92,-16.36,24.1,44.38,350.75,LOW,9,1,1,DOWN,1,1,1
788,LEFT,0.93,-16.36,27.08,45.26,106,LOW,9,1,1,DOWN,1,1,1
789,LEFT,0.93,-16.36,21.64,41.11,434.35,LOW,9,0,1,DOWN,1,1,1
790,LEFT,0.94,-16.35,28.79,34.23,168.44,LOW,9,0,1,DOWN,1,1,1
791,LEFT,0.95,-16.35,22.47,46.76,253.48,LOW,9,0,1,DOWN,1,1,1
792,LEFT,0.95,-16.35,21.78,41.83,164.11,LOW,9,0,1,DOWN,1,1,1
793,LEFT,0.96,-16.35,27.71,43.37,313.08,LOW,9,0,1,DOWN,1,1,1
794,LEFT,0.96,-16.35,28.31,45.58,133.88,LOW,9,1,1,DOWN,1,1,1
795,LEFT,0.97,-16.34,25.22,42.5,19.3,LOW,9,0,1,DOWN,1,1,1
796,LEFT,0.97,-16.34,27.16,43.36,394.49,LOW,9,0,1,DOWN,1,1,1
797,LEFT,0.97,-16.34,25.44,32.09,446.13,LOW,9,0,1,DOWN,1,1,1
798,LEFT,0.98,-16.34,21.96,32.6,1.13,LOW,9,1,1,DOWN,1,1,1
799,LEFT,0.98,-16.34,26.57,45.75,96.34,LOW,9,0,1,DOWN,1,1,1
800,LEFT,0.98,-16.34,26.19,49.84,497.28,LOW,9,0,1,DOWN,1,1,1
801,LEFT,0.99,-16.34,21.74,39.77,498.51,LOW,9,1,1,DOWN,1,1,1
802,LEFT,0.99,-16.34,28.2,42.44,5.63,LOW,9,0,1,DOWN,1,1,1
803,LEFT,0.99,-16.34,28.26,43.48,91.71,LOW,9,1,1,DOWN,1,1,1
804,LEFT,0.99,-16.34,25.75,40.01,205.28,LOW,9,0,1,DOWN,1,1,1
805,LEFT,1,-16.33,27.44,35.39,21.87,LOW,9,1,1,DOWN,1,1,1
806,LEFT,1,-16.33,20.74,38.46,474.07,LOW,9,0,1,DOWN,1,1,1
807,LEFT,1,-16.33,28.05,41.87,191.37,LOW,9,0,1,DOWN,1,1,1
808,LEFT,1,-16.33,20.91,42.85,125.91,LOW,9,1,1,DOWN,1,1,1
809,LEFT,1,-16.33,26.97,42.62,30.27,LOW,9,1,1,DOWN,1,1,1
810,LEFT,1,-16.33,20.53,35.63,23.82,LOW,9,0,1,DOWN,1,1,1
811,LEFT,1,-16.33,29.69,43.87,203.2,LOW,9,1,1,DOWN,1,1,1
812,LEFT,1,-16.33,27.04,42.61,107.19,LOW,9,1,1,DOWN,1,1,1
813,LEFT,1,-16.33,23.55,48.75,461.73,LOW,9,1,1,DOWN,1,1,1
814,LEFT,1,-16.33,29.9,39.52,207.83,LOW,9,1,1,DOWN,1,1,1
815,LEFT,1,-16.33,20.24,44.8,68.64,LOW,9,0,1,DOWN,1,1,1
816,LEFT,0.99,-16.34,28.03,35.63,215.72,LOW,9,0,1,DOWN,1,1,1
817,LEFT,0.99,-16.34,23.25,35.5,101.46,LOW,9,0,1,DOWN,1,1,1
818,LEFT,0.99,-16.34,29.06,48.89,293.06,LOW,9,0,1,DOWN,1,1,1
819,LEFT,0.99,-16.34,29.63,39.25,233.7,LOW,9,0,1,DOWN,1,1,1
820,LEFT,0.98,-16.34,27.36,47.18,442.34,LOW,9,1,1,DOWN,1,1,1
821,LEFT,0.98,-16.34,23.83,47.71,255.03,LOW,9,1,1,DOWN,1,1,1
822,LEFT,0.98,-16.34,25.43,45.11,431.27,LOW,9,1,1,DOWN,1,1,1
823,LEFT,0.97,-16.34,20.4,32.93,208.05,LOW,9,1,1,DOWN,1,1,1
824,LEFT,0.97,-16.34,22.11,34.59,299.91,LOW,9,1,1,DOWN,1,1,1
825,LEFT,0.97,-16.34,28.15,44.38,217.36,LOW,9,0,1,DOWN,1,1,1
826,LEFT,0.96,-16.35,29.8,46.84,432.23,LOW,9,0,1,DOWN,1,1,1
827,LEFT,0.96,-16.35,20.56,30.53,332.04,LOW,9,0,1,DOWN,1,1,1
828,LEFT,0.95,-16.35,20.59,42.94,193.75,LOW,9,1,1,DOWN,1,1,1
829,LEFT,0.95,-16.35,20.1,44.43,38.95,LOW,9,1,1,DOWN,1,1,1
830,LEFT,0.94,-16.35,26.4,34.07,224.06,LOW,9,1,1,DOWN,1,1,1
831,LEFT,0.93,-16.36,29.36,43.14,67.9,LOW,9,0,1,DOWN,1,1,1
832,LEFT,0.93,-16.36,28.38,44.93,396.73,LOW,9,1,1,DOWN,1,1,1
833,LEFT,0.92,-16.36,24.49,45.57,376.9,LOW,9,0,1,DOWN,1,1,1
834,LEFT,0.91,-16.36,29.02,38.04,464.49,LOW,9,0,1,DOWN,1,1,1
835,LEFT,0.91,-16.36,21.81,33.93,338.65,LOW,9,1,1,DOWN,1,1,1
836,LEFT,0.9,-16.37,21.94,32.84,266.3,LOW,9,0,1,DOWN,1,1,1
837,LEFT,0.89,-16.37,26.44,45.07,418.54,LOW,9,0,1,DOWN,1,1,1
838,LEFT,0.88,-16.37,21.6,44.6,385.98,LOW,9,1,1,DOWN,1,1,1
839,LEFT,0.87,-16.38,22.02,35.07,280.96,LOW,9,1,1,DOWN,1,1,1
840,LEFT,0.87,-16.38,22.31,32.51,349.24,LOW,9,1,1,DOWN,1,1,1
841,LEFT,0.86,-16.38,20.39,40.6,158.23,LOW,9,1,1,DOWN,1,1,1
842,LEFT,0.85,-16.38,22.94,36.88,304.62,LOW,9,0,1,DOWN,1,1,1
843,LEFT,0.84,-16.39,26.49,35.08,270.23,LOW,9,0,1,DOWN,1,1,1
844,LEFT,0.83,-16.39,25.62,48.47,232.62,LOW,9,1,1,DOWN,1,1,1
845,LEFT,0.82,-16.39,23.12,34.01,319.4,LOW,9,0,1,DOWN,1,1,1
846,LEFT,0.81,-16.4,27.31,45.54,190.41,LOW,9,1,1,DOWN,1,1,1
847,LEFT,0.8,-16.4,27.77,40.17,158.16,LOW,9,1,1,DOWN,1,1,1
848,LEFT,0.79,-16.4,25.37,49.23,230.05,LOW,9,1,1,DOWN,1,1,1
849,LEFT,0.78,-16.41,21.8,39.63,176.17,LOW,9,1,1,DOWN,1,1,1
850,LEFT,0.77,-16.41,26.56,46.96,391.89,LOW,9,1,1,DOWN,1,1,1
851,LEFT,0.75,-16.42,29.76,31.93,71.84,LOW,9,1,1,DOWN,1,1,1
852,LEFT,0.74,-16.42,21.82,33.88,224.39,LOW,9,0,1,DOWN,1,1,1
853,LEFT,0.73,-16.42,28,32.28,18.78,LOW,9,0,1,DOWN,1,1,1
854,LEFT,0.72,-16.43,23.22,30.54,297.86,LOW,9,0,1,DOWN,1,1,1
855,LEFT,0.71,-16.43,29.32,33.79,348.92,LOW,9,0,1,DOWN,1,1,1
856,LEFT,0.69,-16.44,24.31,33.49,206.32,LOW,9,0,1,DOWN,1,1,1
857,LEFT,0.68,-16.44,21.37,41.97,235.55,LOW,9,1,1,DOWN,1,1,1
858,LEFT,0.67,-16.44,26.32,48.68,212.28,LOW,9,1,1,DOWN,1,1,1
859,LEFT,0.66,-16.45,25.72,32.99,288.17,LOW,9,0,1,DOWN,1,1,1
860,LEFT,0.64,-16.45,20.61,35.17,383.93,LOW,9,1,1,DOWN,1,1,1
861,LEFT,0.63,-16.46,23.72,37.57,2.6,LOW,9,1,1,DOWN,1,1,1
862,LEFT,0.62,-16.46,22.12,39.24,152.22,LOW,9,1,1,DOWN,1,1,1
863,LEFT,0.6,-16.47,25.69,43.6,481.03,LOW,9,0,1,DOWN,1,1,1
864,LEFT,0.59,-16.47,27.94,31.04,452.92,LOW,9,1,1,DOWN,1,1,1
865,LEFT,0.57,-16.48,28.67,41.25,300.56,LOW,9,1,1,DOWN,1,1,1
866,LEFT,0.56,-16.48,27.33,34.75,196.79,LOW,9,0,1,DOWN,1,1,1
867,LEFT,0.54,-16.49,26.3,31.58,431.48,LOW,9,1,1,DOWN,1,1,1
868,LEFT,0.53,-16.49,29.04,43.04,447.35,LOW,9,0,1,DOWN,1,1,1
869,LEFT,0.52,-16.49,25.88,31.93,249.82,LOW,9,0,1,DOWN,1,1,1
870,LEFT,0.5,-16.5,28.65,36.31,402.07,LOW,9,0,1,DOWN,1,1,1
871,LEFT,0.48,-16.51,23.69,36.77,307.41,MED,9,0,1,UP,1,1,1
872,LEFT,0.47,-16.51,25.27,42.43,277.71,MED,9,0,1,UP,1,1,1
873,LEFT,0.45,-16.52,22.12,34.59,402.78,MED,9,1,1,UP,1,1,1
874,LEFT,0.44,-16.52,24.16,36.51,140.94,MED,9,1,1,UP,1,1,1
875,LEFT,0.42,-16.53,25.37,37.83,341.99,MED,9,1,1,UP,1,1,1
876,LEFT,0.41,-16.53,22.1,37.13,216.31,MED,9,1,1,UP,1,1,1
877,LEFT,0.39,-16.54,26.67,36.03,251.01,MED,9,1,1,UP,1,1,1
878,LEFT,0.37,-16.54,21.2,33.07,89.06,MED,9,1,1,UP,1,1,1
879,LEFT,0.36,-16.55,22.04,33.68,162.31,MED,9,1,1,UP,1,1,1
880,LEFT,0.34,-16.55,29.94,34.08,34.34,MED,9,1,1,UP,1,1,1
881,LEFT,0.33,-16.56,28.23,44.37,68.61,MED,9,1,1,UP,1,1,1
882,LEFT,0.31,-16.56,20.44,47.98,210.21,MED,9,0,1,UP,1,1,1
883,LEFT,0.29,-16.57,23.76,44.55,109.97,MED,9,0,1,UP,1,1,1
884,LEFT,0.28,-16.57,28.04,31.33,133.03,MED,9,1,1,UP,1,1,1
885,LEFT,0.26,-16.58,22.46,39.7,120.9,MED,9,0,1,UP,1,1,1
886,LEFT,0.24,-16.59,28.89,43.02,473.01,MED,9,1,1,UP,1,1,1
887,LEFT,0.22,-16.59,23.72,43.16,229.06,MED,9,1,1,UP,1,1,1
888,LEFT,0.21,-16.6,26.82,34.82,344.24,MED,9,0,1,UP,1,1,1
889,LEFT,0.19,-16.6,21.91,43.84,465.93,MED,9,0,1,UP,1,1,1
890,LEFT,0.17,-16.61,25.86,48.55,216.48,MED,9,0,1,UP,1,1,1
